OBJECTID_1,Join_Count,TARGET_FID,notes,url,name,objectid,line,CTLabel,BoroCode,BoroName,CT2010,BoroCT2010,CDEligibil,NTACode,NTAName,PUMA,x,y
1,1,1,"4 nights, 6-all times, 6 Express-weekdays AM southbound, PM northbound",http://web.mta.info/nyct/service/,Astor Pl,1.00000000,4-6-6 Express,57,1,Manhattan,005700,1005700,I,MN23,West Village,3810,-73.9910678831249,40.7300549589893
2,1,2,"4 nights, 6-all times, 6 Express-weekdays AM southbound, PM northbound",http://web.mta.info/nyct/service/,Canal St,2.00000000,4-6-6 Express,45,1,Manhattan,004500,1004500,I,MN24,SoHo-TriBeCa-Civic Center-Little Italy,3810,-74.0001947664115,40.7188014367478
3,1,3,"1-all times, 2-nights",http://web.mta.info/nyct/service/,50th St,3.00000000,1-2,131,1,Manhattan,013100,1013100,I,MN17,Midtown-Midtown South,3807,-73.9838454282406,40.7617288833906
4,1,4,"4-nights, 3-all other times, 2-all times",http://web.mta.info/nyct/service/,Bergen St,4.00000000,2-3-4,129.02,3,Brooklyn,012902,3012902,I,BK37,Park Slope-Gowanus,4005,-73.974997022692,40.6808603997729
5,1,5,"4-nights, 3-all other times",http://web.mta.info/nyct/service/,Pennsylvania Ave,5.00000000,3-4,1126,3,Brooklyn,112600,3112600,E,BK85,East New York (Pennsylvania Ave),4007,-73.8948852656542,40.6647130729558
6,1,6,"1-all times, exit only northbound",http://web.mta.info/nyct/service/,238th St,6.00000000,1,283,2,Bronx,028300,2028300,E,BX29,Spuyten Duyvil-Kingsbridge,3701,-73.9008680454464,40.8846674923416
7,1,7,"A-nights, B-weekdays and evenings, C-all times exc nights",http://web.mta.info/nyct/service/,Cathedral Pkwy (110th St),7.00000000,A-B-C,216,1,Manhattan,021600,1021600,E,MN11,Central Harlem South,3803,-73.9580637795863,40.8005826620955
8,1,8,"A-nights, C-all other times",http://web.mta.info/nyct/service/,Kingston - Throop Aves,8.00000000,A-C,271,3,Brooklyn,027100,3027100,E,BK61,Crown Heights North,4006,-73.9408610418954,40.6799202829009
9,1,9,"E-nights, R-all other times, M-weekdays and evenings",http://web.mta.info/nyct/service/,65th St,9.00000000,E-M-R,261,4,Queens,026100,4026100,E,QN63,Woodside,4109,-73.8987839539873,40.749718524008
10,1,10,"E-nights, R-all other times, M-weekdays and evenings",http://web.mta.info/nyct/service/,36th St,10.00000000,E-M-R,171,4,Queens,017100,4017100,I,QN31,Hunters Point-Sunnyside-West Maspeth,4109,-73.9290212464507,40.7519574467434
11,1,11,"J-all times, M-all times exc nights, Z-rush hours AM westbound, PM eastbound",http://web.mta.info/nyct/service/,Delancey St - Essex St,11.00000000,J-M-Z,18,1,Manhattan,001800,1001800,E,MN27,Chinatown,3809,-73.9874117399185,40.7183044133705
12,1,12,"Z-rush hours AM westbound, PM eastbound, J-all other times",http://web.mta.info/nyct/service/,Van Siclen Ave,12.00000000,J-Z,1198,3,Brooklyn,119800,3119800,E,BK82,East New York,4008,-73.8916603137842,40.6780263840163
13,1,13,"Z-rush hours AM westbound, PM eastbound, J-all other times",http://web.mta.info/nyct/service/,Norwood Ave,13.00000000,J-Z,1174,3,Brooklyn,117400,3117400,E,BK83,Cypress Hills-City Line,4008,-73.879622888977,40.6815211986245
14,1,14,"Z-rush hours AM westbound, PM eastbound, J-all other times",http://web.mta.info/nyct/service/,104th-102nd Sts,14.00000000,J-Z,28,4,Queens,002800,4002800,I,QN54,Richmond Hill,4111,-73.844435879298,40.6951648899857
15,1,15,"B-weekdays and evenings, D-all other times, N-nights, R-all other times, Q-all times",http://web.mta.info/nyct/service/,DeKalb Ave,15.00000000,B-D-N-Q-R,31,3,Brooklyn,003100,3003100,I,BK68,Fort Greene,4004,-73.9817703199342,40.6906490897479
16,1,16,"A-rush hours AM northbound, PM southbound, S Broad Channel to Rockaway Park-all times",http://web.mta.info/nyct/service/,Beach 105th St,16.00000000,A-S,938,4,Queens,093800,4093800,E,QN10,Breezy Point-Belle Harbor-Rockaway Park-Broad Channel,4114,-73.827583484568,40.5832696704099
17,1,17,"A-rush hours AM northbound, PM southbound, S Broad Channel to Rockaway Park-all times",http://web.mta.info/nyct/service/,Beach 90th St,17.00000000,A-S,942.02,4,Queens,094202,4094202,E,QN12,Hammels-Arverne-Edgemere,4114,-73.8136506145113,40.5880929028523
18,1,18,"2-all times, 5-all times exc nights, skips rush hours AM southbound, PM northbound",http://web.mta.info/nyct/service/,Freeman St,18.00000000,2-5,125,2,Bronx,012500,2012500,E,BX35,Morrisania-Melrose,3705,-73.8917501453126,40.8299867627311
19,1,19,"2-all times, 5-all times exc nights, skips rush hours AM southbound, PM northbound",http://web.mta.info/nyct/service/,Intervale Ave,19.00000000,2-5,87,2,Bronx,008700,2008700,E,BX33,Longwood,3710,-73.8966190141525,40.8221424115751
20,1,20,"B-rush hours, D-all times, skips rush hours AM southbound, PM northbound",http://web.mta.info/nyct/service/,182nd-183rd Sts,20.00000000,B-D,383.01,2,Bronx,038301,2038301,E,BX40,Fordham South,3707,-73.9007422813067,40.8560961908019
21,1,21,"B-rush hours, D-all times, skips rush hours AM southbound, PM northbound",http://web.mta.info/nyct/service/,174th-175th Sts,21.00000000,B-D,227.01,2,Bronx,022701,2022701,E,BX41,Mount Hope,3707,-73.9101386591786,40.8458969331346
22,1,22,"B-rush hours, D-all times, skips rush hours AM southbound, PM northbound",http://web.mta.info/nyct/service/,167th St,22.00000000,B-D,181.02,2,Bronx,018102,2018102,E,BX14,East Concourse-Concourse Village,3708,-73.918430109251,40.8337658589242
23,1,23,"7-all times, 7 Express-rush hours AM westbound, PM eastbound",http://web.mta.info/nyct/service/,Mets - Willets Point,23.00000000,7-7 Express,383.02,4,Queens,038302,4038302,I,QN99,park-cemetery-etc-Queens,4107,-73.8456216554731,40.7546250009396
24,1,24,"7-all times, 7 Express-rush hours AM westbound, PM eastbound",http://web.mta.info/nyct/service/,Junction Blvd,24.00000000,7-7 Express,465,4,Queens,046500,4046500,E,QN29,Elmhurst,4107,-73.8695258251835,40.7491468720796
25,1,25,"7-all times, 7 Express-rush hours AM westbound, PM eastbound",http://web.mta.info/nyct/service/,Flushing - Main St,25.00000000,7-7 Express,853,4,Queens,085300,4085300,E,QN22,Flushing,4103,-73.8300269021408,40.7595991592342
26,1,26,"6 Express-weekdays AM southbound, PM northbound, 6-all other times",http://web.mta.info/nyct/service/,Buhre Ave,26.00000000,6-6 Express,266.01,2,Bronx,026601,2026601,I,BX10,Pelham Bay-Country Club-City Island,3703,-73.8325691343948,40.8468075236244
27,1,27,"6-all times, 6 Express-weekdays AM southbound, PM northbound",http://web.mta.info/nyct/service/,3rd Ave - 138th St,27.00000000,6-6 Express,23,2,Bronx,002300,2002300,E,BX39,Mott Haven-Port Morris,3710,-73.9261376543887,40.8104761321298
28,1,28,"6 Express-weekdays AM southbound, PM northbound, 6-all other times",http://web.mta.info/nyct/service/,Castle Hill Ave,28.00000000,6-6 Express,92,2,Bronx,009200,2009200,E,BX59,Westchester-Unionport,3709,-73.8512181596931,40.8342552225346
29,1,29,"4,6-all times, 5-all times exc nights, 6 Express-weekdays AM southbound, PM northbound",http://web.mta.info/nyct/service/,Brooklyn Bridge - City Hall,29.00000000,4-5-6-6 Express,29,1,Manhattan,002900,1002900,E,MN27,Chinatown,3809,-74.004129387356,40.7130616120146
30,1,30,"6 Express-weekdays AM southbound, PM northbound, 6-all other times",http://web.mta.info/nyct/service/,Zerega Ave,30.00000000,6-6 Express,96,2,Bronx,009600,2009600,E,BX59,Westchester-Unionport,3709,-73.8470320104692,40.8364912964025
31,1,31,"4,6-all times, 5-all times exc nights, 6 Express-weekdays AM southbound, PM northbound",http://web.mta.info/nyct/service/,Grand Central - 42nd St,31.00000000,4-5-6-6 Express,92,1,Manhattan,009200,1009200,I,MN19,Turtle Bay-East Midtown,3808,-73.9767128048847,40.7518077338974
32,1,32,"4 nights, 6-all times, 6 Express-weekdays AM southbound, PM northbound",http://web.mta.info/nyct/service/,33rd St,32.00000000,4-6-6 Express,72,1,Manhattan,007200,1007200,I,MN20,Murray Hill-Kips Bay,3808,-73.9820757471309,40.7460843673528
33,1,33,"4 nights, 6-all times, 6 Express-weekdays AM southbound, PM northbound",http://web.mta.info/nyct/service/,96th St,33.00000000,4-6-6 Express,158.01,1,Manhattan,015801,1015801,I,MN40,Upper East Side-Carnegie Hill,3805,-73.951065903523,40.7856750758922
34,1,34,"4 nights, 6-all times, 6 Express-weekdays AM southbound, PM northbound",http://web.mta.info/nyct/service/,77th St,34.00000000,4-6-6 Express,128,1,Manhattan,012800,1012800,I,MN40,Upper East Side-Carnegie Hill,3805,-73.9598783764603,40.773621423684
35,1,35,"Z-rush hours AM westbound, PM eastbound, J-all other times",http://web.mta.info/nyct/service/,Chauncey St,35.00000000,J-Z,369,3,Brooklyn,036900,3036900,E,BK79,Ocean Hill,4007,-73.9103812043053,40.6828495888653
36,1,36,"D,N-nights, R-all other times",http://web.mta.info/nyct/service/,Union St,36.00000000,D-N-R,133,3,Brooklyn,013300,3013300,I,BK37,Park Slope-Gowanus,4005,-73.9831088097076,40.6773178612515
37,1,37,"E-nights, R-all other times, M-weekdays and evenings",http://web.mta.info/nyct/service/,Elmhurst Ave,37.00000000,E-M-R,481,4,Queens,048100,4048100,E,QN29,Elmhurst,4107,-73.8820303739385,40.7423683389102
38,1,38,"A-nights, C-all other times",http://web.mta.info/nyct/service/,Ralph Ave,38.00000000,A-C,301,3,Brooklyn,030100,3030100,E,BK79,Ocean Hill,4007,-73.9207836952954,40.6788234631258
39,1,39,"2-all times, 5-rush hours AM southbound, PM northbound",http://web.mta.info/nyct/service/,Pelham Pkwy,39.00000000,2-5,224.03,2,Bronx,022403,2022403,E,BX49,Pelham Parkway,3704,-73.8674776663357,40.8571900885653
40,1,40,"2-all times, 5-rush hours AM southbound, PM northbound",http://web.mta.info/nyct/service/,Gun Hill Rd,40.00000000,2-5,380,2,Bronx,038000,2038000,E,BX44,Williamsbridge-Olinville,3702,-73.8661301934095,40.8778416618289
41,1,41,"2-all times, 5-rush hours AM southbound, PM northbound",http://web.mta.info/nyct/service/,Nereid Ave (238 St),41.00000000,2-5,434,2,Bronx,043400,2043400,E,BX62,Woodlawn-Wakefield,3702,-73.8543173474234,40.8982898810133
42,1,42,"2,4-all times, 3-all times exc nights, 5-weekdays",http://web.mta.info/nyct/service/,Franklin Ave,42.00000000,2-3-4-5,217,3,Brooklyn,021700,3021700,E,BK61,Crown Heights North,4006,-73.9580997121977,40.6707636686997
43,1,43,"2-all times, 5-all times exc nights, skips rush hours AM southbound, PM northbound",http://web.mta.info/nyct/service/,Simpson St,43.00000000,2-5,159,2,Bronx,015900,2015900,E,BX27,Hunts Point,3710,-73.8930706687803,40.8239778281847
44,1,44,"2-all times, 5-rush hours AM southbound, PM northbound",http://web.mta.info/nyct/service/,Bronx Park East,44.00000000,2-5,220,2,Bronx,022000,2022000,E,BX17,East Tremont,3705,-73.8683580153142,40.8487713664911
45,1,45,"2-all times, 5-weekdays",http://web.mta.info/nyct/service/,Winthrop St,45.00000000,2-5,804,3,Brooklyn,080400,3080400,E,BK60,Prospect Lefferts Gardens-Wingate,4011,-73.9500777567105,40.6566583877659
46,1,46,"4-nights, 3-all other times",http://web.mta.info/nyct/service/,Van Siclen Ave,46.00000000,3-4,1124,3,Brooklyn,112400,3112400,E,BK82,East New York,4008,-73.8894055424211,40.6655171251887
47,1,47,4-all times,http://web.mta.info/nyct/service/,149th St - Grand Concourse,47.00000000,4,51,2,Bronx,005100,2005100,E,BX39,Mott Haven-Port Morris,3710,-73.9273863126337,40.818301468022
48,1,48,4-all times,http://web.mta.info/nyct/service/,161st St - Yankee Stadium,48.00000000,4,195,2,Bronx,019500,2019500,E,BX63,West Concourse,3708,-73.9256884967467,40.8282330801815
49,1,49,"4,6-all times, 5-all times exc nights, 6 Express-weekdays AM southbound, PM northbound",http://web.mta.info/nyct/service/,Lexington Ave - 59th St,49.00000000,4-5-6-6 Express,114.02,1,Manhattan,011402,1011402,I,MN40,Upper East Side-Carnegie Hill,3805,-73.9679632140173,40.7625249608418
50,1,50,6-all times,http://web.mta.info/nyct/service/,E 149th St,50.00000000,6,83,2,Bronx,008300,2008300,E,BX33,Longwood,3710,-73.9041019804693,40.8121147019679
51,1,51,6-all times,http://web.mta.info/nyct/service/,Morrison Av - Soundview,51.00000000,6,48,2,Bronx,004800,2004800,E,BX55,Soundview-Bruckner,3709,-73.8745204581632,40.8295177591506
52,1,52,6-all times,http://web.mta.info/nyct/service/,Whitlock Ave,52.00000000,6,121.02,2,Bronx,012102,2012102,E,BX27,Hunts Point,3710,-73.8862794052323,40.8265269336574
53,1,53,6-all times,http://web.mta.info/nyct/service/,St Lawrence Ave,53.00000000,6,70,2,Bronx,007000,2007000,E,BX55,Soundview-Bruckner,3709,-73.8676213967812,40.8315093022141
54,1,54,"7-all times, 7 Express-rush hours AM westbound, PM eastbound",http://web.mta.info/nyct/service/,Woodside - 61st St,54.00000000,7-7 Express,261,4,Queens,026100,4026100,E,QN63,Woodside,4109,-73.902988069517,40.7456283823644
55,1,55,A-all times,http://web.mta.info/nyct/service/,Far Rockaway - Mott Ave,55.00000000,A,1008.02,4,Queens,100802,4100802,E,QN15,Far Rockaway-Bayswater,4114,-73.755403851489,40.603992779466
56,1,56,"A-nights, B-weekdays and evenings, C-all times exc nights",http://web.mta.info/nyct/service/,72nd St,56.00000000,A-B-C,143,1,Manhattan,014300,1014300,I,MN99,park-cemetery-etc-Manhattan,3806,-73.9763355124653,40.7755194067805
57,1,57,"A-nights, B-weekdays and evenings, C-all times exc nights",http://web.mta.info/nyct/service/,96th St,57.00000000,A-B-C,143,1,Manhattan,014300,1014300,I,MN99,park-cemetery-etc-Manhattan,3806,-73.9646035148547,40.7916194690735
58,1,58,"A-all times, C-all times exc nights",http://web.mta.info/nyct/service/,168th St,58.00000000,A-C,251,1,Manhattan,025100,1025100,E,MN36,Washington Heights South,3801,-73.9395584847335,40.8407185612784
59,1,59,"B-rush hours, D-all times",http://web.mta.info/nyct/service/,Kingsbridge Rd,59.00000000,B-D,403.02,2,Bronx,040302,2040302,E,BX05,Bedford Park-Fordham North,3706,-73.8935108432695,40.8669800089074
60,1,60,"B,M-weekdays and evenings, D,F-all times",http://web.mta.info/nyct/service/,42nd St - Bryant Pk,60.00000000,B-D-F-M,84,1,Manhattan,008400,1008400,I,MN17,Midtown-Midtown South,3807,-73.9845910299264,40.754182684304
61,1,61,"B-weekdays and evenings, Q,S to Franklin Av-Fulton St-all times",http://web.mta.info/nyct/service/,Prospect Park,61.00000000,B-Q-S,327,3,Brooklyn,032700,3032700,E,BK60,Prospect Lefferts Gardens-Wingate,4011,-73.9620343331421,40.6616330543842
62,1,62,D-all times,http://web.mta.info/nyct/service/,55th St,62.00000000,D,240,3,Brooklyn,024000,3024000,E,BK88,Borough Park,4014,-73.9953528470301,40.6314795237397
63,1,63,E-all times,http://web.mta.info/nyct/service/,Jamaica - Van Wyck,63.00000000,E,216,4,Queens,021600,4021600,I,QN60,Kew Gardens,4111,-73.8170103136739,40.7029016582457
64,1,64,"E,F-all times",http://web.mta.info/nyct/service/,Kew Gardens - Union Tpke,64.00000000,E-F,773,4,Queens,077300,4077300,I,QN60,Kew Gardens,4111,-73.8303682619487,40.7140353063414
65,1,65,"E,J-all times, Z-rush hours AM westbound, PM eastbound",http://web.mta.info/nyct/service/,Sutphin Blvd - Archer Av,65.00000000,E-J-Z,208,4,Queens,020800,4020800,E,QN61,Jamaica,4112,-73.808009194527,40.7003818588048
66,1,66,"E-all times, M-weekdays and evenings",http://web.mta.info/nyct/service/,Court Sq - 23rd St,66.00000000,E-M,7,4,Queens,000700,4000700,I,QN31,Hunters Point-Sunnyside-West Maspeth,4109,-73.9460533042377,40.7477653596304
67,1,67,"E-nights, R-all other times, M-weekdays and evenings",http://web.mta.info/nyct/service/,67th Ave,67.00000000,E-M-R,713.06,4,Queens,071306,4071306,I,QN17,Forest Hills,4108,-73.8528620766631,40.7265082284172
68,1,68,"E-nights, R-all other times, M-weekdays and evenings",http://web.mta.info/nyct/service/,Grand Ave - Newtown,68.00000000,E-M-R,473,4,Queens,047300,4047300,I,QN29,Elmhurst,4107,-73.8772243871684,40.7368143269709
69,1,69,F-all times,http://web.mta.info/nyct/service/,Ditmas Ave,69.00000000,F,486,3,Brooklyn,048600,3048600,E,BK41,Kensington-Ocean Parkway,4014,-73.9781680756449,40.6361220371089
70,1,70,G-all times,http://web.mta.info/nyct/service/,Classon Ave,70.00000000,G,233,3,Brooklyn,023300,3023300,E,BK75,Bedford,4003,-73.9599861742943,40.6888917272947
71,1,71,G-all times,http://web.mta.info/nyct/service/,Broadway,71.00000000,G,511,3,Brooklyn,051100,3051100,E,BK90,East Williamsburg,4001,-73.9503113186844,40.7061295863565
72,1,72,L-all times,http://web.mta.info/nyct/service/,Lorimer St,72.00000000,L,513,3,Brooklyn,051300,3051300,E,BK73,North Side-South Side,4001,-73.9502484366145,40.7140693513399
73,1,73,L-all times,http://web.mta.info/nyct/service/,Sutter Ave,73.00000000,L,908,3,Brooklyn,090800,3090800,E,BK81,Brownsville,4007,-73.9019190743289,40.6691420538701
74,1,74,L-all times,http://web.mta.info/nyct/service/,Wilson Ave,74.00000000,L,409,3,Brooklyn,040900,3040900,E,BK77,Bushwick North,4002,-73.9039582500238,40.6888644810003
75,1,75,J-all times,http://web.mta.info/nyct/service/,Halsey St,75.00000000,J,373,3,Brooklyn,037300,3037300,E,BK79,Ocean Hill,4007,-73.9166424618356,40.6864122688907
76,1,76,"J-all times, skips weekdays AM westbound, PM eastbound, M-all times exc nights",http://web.mta.info/nyct/service/,Lorimer St,76.00000000,J-M,491,3,Brooklyn,049100,3049100,E,BK90,East Williamsburg,4001,-73.9473558613996,40.7038414509276
77,1,77,N-all times,http://web.mta.info/nyct/service/,8th Ave,77.00000000,N,118,3,Brooklyn,011800,3011800,E,BK34,Sunset Park East,4012,-74.0115135389914,40.6349699603809
78,1,78,"N-all times, W part time",http://web.mta.info/nyct/service/,36th Ave,78.00000000,N-W,51,4,Queens,005100,4005100,E,QN68,Queensbridge-Ravenswood-Long Island City,4101,-73.9298656628178,40.7564418707113
79,1,79,"N-all times, W part time",http://web.mta.info/nyct/service/,Broadway,79.00000000,N-W,59,4,Queens,005900,4005900,I,QN70,Astoria,4101,-73.9258232440393,40.7614295013692
80,1,80,"N,Q-all times, R-all times exc nights, W part time",http://web.mta.info/nyct/service/,Times Sq - 42nd St,80.00000000,N-Q-R-W,113,1,Manhattan,011300,1011300,I,MN17,Midtown-Midtown South,3807,-73.9867649529139,40.7546113912409
81,1,81,"S to Times Sq-all times exc nights, closed nights-use 7",http://web.mta.info/nyct/service/,Grand Central - 42nd St,81.00000000,S,82,1,Manhattan,008200,1008200,I,MN20,Murray Hill-Kips Bay,3808,-73.9791921550688,40.752767251295
82,1,82,S Franklin Av-Fulton St to Prospect Park-all times,http://web.mta.info/nyct/service/,Park Pl,82.00000000,S,305,3,Brooklyn,030500,3030500,E,BK61,Crown Heights North,4006,-73.9576236050971,40.674769842154
83,1,83,"S Euclid Av to Ozone Park-Lefferts Blvd-nights, A-all other times",http://web.mta.info/nyct/service/,111th St,83.00000000,A-S,96,4,Queens,009600,4009600,E,QN55,South Ozone Park,4113,-73.832164892517,40.6843278176514
84,1,84,"B,M-weekdays and evenings, D,F-all times",http://web.mta.info/nyct/service/,W 4th St - Washington Sq (Lower),84.00000000,B-D-F-M,65,1,Manhattan,006500,1006500,I,MN23,West Village,3810,-74.0003115473985,40.7322537008689
85,1,85,"4 nights, 6-all times, 6 Express-weekdays AM southbound, PM northbound",http://web.mta.info/nyct/service/,51st St,85.00000000,4-6-6 Express,100,1,Manhattan,010000,1010000,I,MN19,Turtle Bay-East Midtown,3808,-73.9719158012675,40.7571087243129
86,1,86,"1-all times, 2-nights",http://web.mta.info/nyct/service/,86th St,86.00000000,1-2,175,1,Manhattan,017500,1017500,I,MN12,Upper West Side,3806,-73.9762187314784,40.7886473389992
87,1,87,"2-all times, 5-rush hours AM southbound, PM northbound",http://web.mta.info/nyct/service/,233rd St,87.00000000,2-5,422,2,Bronx,042200,2042200,E,BX44,Williamsbridge-Olinville,3702,-73.8573626362365,40.8931427677048
88,1,88,"1-all times, 2-nights",http://web.mta.info/nyct/service/,66th St - Lincoln Ctr,88.00000000,1-2,149,1,Manhattan,014900,1014900,I,MN14,Lincoln Square,3806,-73.9822104944235,40.773437745023
89,1,89,"6-all times, 6 Express-weekdays AM southbound, PM northbound",http://web.mta.info/nyct/service/,Hunts Point Ave,89.00000000,6-6 Express,119,2,Bronx,011900,2011900,E,BX27,Hunts Point,3710,-73.8905464028319,40.8209459645135
90,1,90,"1-all times, 2-nights",http://web.mta.info/nyct/service/,Canal St,90.00000000,1-2,37,1,Manhattan,003700,1003700,I,MN24,SoHo-TriBeCa-Civic Center-Little Italy,3810,-74.006276360885,40.7228523793101
91,1,91,"6 Express-weekdays AM southbound, PM northbound, 6-all other times",http://web.mta.info/nyct/service/,Middletown Rd,91.00000000,6-6 Express,266.02,2,Bronx,026602,2026602,E,BX10,Pelham Bay-Country Club-City Island,3703,-73.8363240922825,40.8438650480535
92,1,92,"4 nights, 6-all times, 6 Express-weekdays AM southbound, PM northbound",http://web.mta.info/nyct/service/,23rd St,92.00000000,4-6-6 Express,68,1,Manhattan,006800,1006800,I,MN21,Gramercy,3808,-73.9866032561628,40.7398636458369
93,1,93,"7-all times, 7 Express-rush hours AM westbound, PM eastbound",http://web.mta.info/nyct/service/,Court Sq,93.00000000,7-7 Express,19,4,Queens,001900,4001900,I,QN31,Hunters Point-Sunnyside-West Maspeth,4109,-73.9452627867876,40.7470235504626
94,1,94,"1-all times, 2-nights",http://web.mta.info/nyct/service/,59th St - Columbus Circle,94.00000000,1-2,145,1,Manhattan,014500,1014500,I,MN14,Lincoln Square,3806,-73.9819320166854,40.7682469121878
95,1,95,"7-all times, 7 Express-rush hours AM westbound, PM eastbound",http://web.mta.info/nyct/service/,Hunters Point Ave,95.00000000,7-7 Express,1,4,Queens,000100,4000100,I,QN31,Hunters Point-Sunnyside-West Maspeth,4109,-73.948918929994,40.742218604475
96,1,96,"1-all times, 2-nights",http://web.mta.info/nyct/service/,23rd St,96.00000000,1-2,91,1,Manhattan,009100,1009100,I,MN13,Hudson Yards-Chelsea-Flatiron-Union Square,3807,-73.9956582742267,40.7440834547602
97,1,97,"1-all times, 2-nights",http://web.mta.info/nyct/service/,Houston St,97.00000000,1-2,37,1,Manhattan,003700,1003700,I,MN24,SoHo-TriBeCa-Civic Center-Little Italy,3810,-74.0053690624481,40.7282509833759
98,1,98,"S Euclid Av to Ozone Park-Lefferts Blvd-nights, A-all other times",http://web.mta.info/nyct/service/,104th St,98.00000000,A-S,94,4,Queens,009400,4009400,E,QN55,South Ozone Park,4113,-73.8376805483615,40.6817119434663
99,1,99,"A,S to Rockaway Park-all times",http://web.mta.info/nyct/service/,Broad Channel,99.00000000,A-S,1072.01,4,Queens,107201,4107201,I,QN10,Breezy Point-Belle Harbor-Rockaway Park-Broad Channel,4114,-73.8158335206517,40.6084053308891
100,1,100,Q-all times,http://web.mta.info/nyct/service/,Ocean Pkwy,100.00000000,Q,360.01,3,Brooklyn,036001,3036001,E,BK19,Brighton Beach,4018,-73.9685022031878,40.5763105043481
101,1,101,"7-all times, 7 Express-rush hours AM westbound, PM eastbound",http://web.mta.info/nyct/service/,Vernon Blvd - Jackson Ave,101.00000000,7-7 Express,7,4,Queens,000700,4000700,I,QN31,Hunters Point-Sunnyside-West Maspeth,4109,-73.9535811863186,40.7426269703226
102,1,102,"4 nights, 6-all times, 6 Express-weekdays AM southbound, PM northbound",http://web.mta.info/nyct/service/,68th St - Hunter College,102.00000000,4-6-6 Express,120,1,Manhattan,012000,1012000,I,MN40,Upper East Side-Carnegie Hill,3805,-73.9638668963217,40.7681380568307
103,1,103,"7,N-all times, 7 Express-rush hours AM westbound, PM eastbound, W part time",http://web.mta.info/nyct/service/,Queensboro Plz,103.00000000,7-7 Express-N-W,33,4,Queens,003300,4003300,E,QN68,Queensbridge-Ravenswood-Long Island City,4101,-73.9401603559738,40.750637240026
104,1,104,"A-all times, S Euclid Av to Ozone Park-Lefferts Blvd-nights",http://web.mta.info/nyct/service/,Rockaway Blvd,104.00000000,A-S,86,4,Queens,008600,4008600,I,QN56,Ozone Park,4113,-73.8438519743634,40.6804312176283
105,1,105,"4,6-all times, 5-all times exc nights, 6 Express-weekdays AM southbound, PM northbound",http://web.mta.info/nyct/service/,Union Sq - 14th St,105.00000000,4-5-6-6 Express,52,1,Manhattan,005200,1005200,I,MN13,Hudson Yards-Chelsea-Flatiron-Union Square,3807,-73.9899539721726,40.7346701909512
106,1,106,G-all times,http://web.mta.info/nyct/service/,Bedford - Nostrand Aves,106.00000000,G,243,3,Brooklyn,024300,3024300,E,BK75,Bedford,4003,-73.9535183042487,40.6896273730311
107,1,107,"F,G-all times",http://web.mta.info/nyct/service/,15th St - Prospect Park,107.00000000,F-G,169,3,Brooklyn,016900,3016900,I,BK40,Windsor Terrace,4012,-73.9797401273921,40.6600384756204
108,1,108,"F,G-all times",http://web.mta.info/nyct/service/,7th Ave,108.00000000,F-G,151,3,Brooklyn,015100,3015100,I,BK37,Park Slope-Gowanus,4005,-73.9802521671041,40.6662462150196
109,1,109,"F,G-all times",http://web.mta.info/nyct/service/,Ft Hamilton Pkwy,109.00000000,F-G,504,3,Brooklyn,050400,3050400,I,BK40,Windsor Terrace,4012,-73.9757785569892,40.6507837147346
110,1,110,"F,G-all times",http://web.mta.info/nyct/service/,Church Ave,110.00000000,F-G,496,3,Brooklyn,049600,3049600,E,BK41,Kensington-Ocean Parkway,4014,-73.9797221610865,40.6442746273113
111,1,111,Q-all times,http://web.mta.info/nyct/service/,Beverly Rd,111.00000000,Q,1522,3,Brooklyn,152200,3152200,I,BK42,Flatbush,4015,-73.964360969728,40.6439065552367
112,1,112,"B-weekdays and evenings, Q-all times",http://web.mta.info/nyct/service/,Church Ave,112.00000000,B-Q,506,3,Brooklyn,050600,3050600,E,BK42,Flatbush,4015,-73.9628787495092,40.6504906490549
113,1,113,"B-weekdays and evenings, Q-all times",http://web.mta.info/nyct/service/,Newkirk Ave,113.00000000,B-Q,520,3,Brooklyn,052000,3052000,E,BK42,Flatbush,4015,-73.9626990864524,40.6351403871853
114,1,114,Q-all times,http://web.mta.info/nyct/service/,Parkside Ave,114.00000000,Q,798.02,3,Brooklyn,079802,3079802,E,BK60,Prospect Lefferts Gardens-Wingate,4011,-73.9614504282075,40.6550705051155
115,1,115,"4-nights, 3-all other times, 2-all times",http://web.mta.info/nyct/service/,Grand Army Plaza,115.00000000,2-3-4,159,3,Brooklyn,015900,3015900,I,BK37,Park Slope-Gowanus,4005,-73.9709546039134,40.6752944422819
116,1,116,"2,4-all times, 3-all times exc nights, 5-weekdays",http://web.mta.info/nyct/service/,Atlantic Av - Barclay's Center,116.00000000,2-3-4-5,35,3,Brooklyn,003500,3003500,I,BK68,Fort Greene,4004,-73.9775482380989,40.6844231861247
117,1,117,"A-nights, C-all other times",http://web.mta.info/nyct/service/,Rockaway Ave,117.00000000,A-C,301,3,Brooklyn,030100,3030100,E,BK79,Ocean Hill,4007,-73.9119442728996,40.6783397666835
118,1,118,G-all times,http://web.mta.info/nyct/service/,Fulton St,118.00000000,G,33,3,Brooklyn,003300,3003300,I,BK68,Fort Greene,4004,-73.9753743151113,40.6871206949909
119,1,119,G-all times,http://web.mta.info/nyct/service/,Clinton - Washington Aves,119.00000000,G,197,3,Brooklyn,019700,3019700,I,BK69,Clinton Hill,4004,-73.966795404148,40.6880947685825
120,1,120,"B-weekdays and evenings, Q-all times",http://web.mta.info/nyct/service/,7th Ave,120.00000000,B-Q,161,3,Brooklyn,016100,3016100,I,BK64,Prospect Heights,4006,-73.9728500491629,40.6770998527319
121,1,121,"B-weekdays and evenings, Q-all times",http://web.mta.info/nyct/service/,Atlantic Av - Barclay's Center,121.00000000,B-Q,35,3,Brooklyn,003500,3003500,I,BK68,Fort Greene,4004,-73.9767846701074,40.6844913063792
122,1,122,"D,N-all times, R-all times exc nights",http://web.mta.info/nyct/service/,Atlantic Av - Barclay's Center,122.00000000,D-N-Q-R,129.01,3,Brooklyn,012901,3012901,I,BK37,Park Slope-Gowanus,4005,-73.9788058794966,40.683667046624
123,1,123,"4-all times, 5-weekdays",http://web.mta.info/nyct/service/,Borough Hall,123.00000000,4-5,9,3,Brooklyn,000900,3000900,I,BK09,Brooklyn Heights-Cobble Hill,4004,-73.9901516015351,40.6924064058551
124,1,124,"A-to Manhattan only, racing days only",http://web.mta.info/nyct/service/,Aqueduct Racetrack,124.00000000,A,88,4,Queens,008800,4008800,I,QN56,Ozone Park,4113,-73.8359198504046,40.6720990865962
125,1,125,5-all times,http://web.mta.info/nyct/service/,Morris Park,125.00000000,5,248,2,Bronx,024800,2024800,I,BX49,Pelham Parkway,3704,-73.8604977565781,40.8543635828486
126,1,126,5-all times,http://web.mta.info/nyct/service/,Pelham Pkwy,126.00000000,5,326,2,Bronx,032600,2032600,I,BX31,Allerton-Pelham Gardens,3704,-73.855359393153,40.8589837700275
127,1,127,"A-all times, C-all times exc nights",http://web.mta.info/nyct/service/,Nostrand Ave,127.00000000,A-C,247,3,Brooklyn,024700,3024700,E,BK61,Crown Heights North,4006,-73.9504280996713,40.6804380300649
128,1,128,"2,4-all times, 3-all times exc nights, 5-weekdays",http://web.mta.info/nyct/service/,Nevins St,128.00000000,2-3-4-5,33,3,Brooklyn,003300,3003300,I,BK68,Fort Greene,4004,-73.9804048807024,40.688312741143
129,1,129,"4-nights, 3-all other times, 2-all times",http://web.mta.info/nyct/service/,Eastern Pkwy - Bklyn Museum,129.00000000,2-3-4,177,3,Brooklyn,017700,3017700,I,BK99,park-cemetery-etc-Brooklyn,4005,-73.9642262224354,40.6720309536775
130,1,130,"2-all times, 5-weekdays",http://web.mta.info/nyct/service/,Beverly Rd,130.00000000,2-5,826,3,Brooklyn,082600,3082600,E,BK95,Erasmus,4010,-73.9488470647713,40.6451266382151
131,1,131,"2-all times, 5-weekdays",http://web.mta.info/nyct/service/,Church Ave,131.00000000,2-5,818,3,Brooklyn,081800,3081800,E,BK95,Erasmus,4010,-73.9494579191645,40.6508586848181
132,1,132,"2-all times, 5-weekdays",http://web.mta.info/nyct/service/,Newkirk Ave,132.00000000,2-5,830,3,Brooklyn,083000,3083000,E,BK91,East Flatbush-Farragut,4010,-73.9482990924479,40.6399939599467
133,1,133,"2-all times, 5-weekdays",http://web.mta.info/nyct/service/,Brooklyn College - Flatbush Ave,133.00000000,2-5,786,3,Brooklyn,078600,3078600,E,BK42,Flatbush,4015,-73.9475445076093,40.6328429972694
134,1,134,"2-all times, 5-weekdays",http://web.mta.info/nyct/service/,Sterling St,134.00000000,2-5,329,3,Brooklyn,032900,3032900,E,BK60,Prospect Lefferts Gardens-Wingate,4011,-73.9507245437151,40.6627710424145
135,1,135,"3-all times exc nights, 4-all times",http://web.mta.info/nyct/service/,Crown Hts - Utica Ave,135.00000000,3-4,351,3,Brooklyn,035100,3035100,E,BK61,Crown Heights North,4006,-73.9329289179367,40.6689785274968
136,1,136,"4-nights, 3-all other times",http://web.mta.info/nyct/service/,Kingston Ave,136.00000000,3-4,337,3,Brooklyn,033700,3033700,E,BK61,Crown Heights North,4006,-73.9421635990574,40.6694827325265
137,1,137,G-all times,http://web.mta.info/nyct/service/,Nassau Ave,137.00000000,G,569,3,Brooklyn,056900,3056900,I,BK76,Greenpoint,4001,-73.95118268451,40.7244794952387
138,1,138,G-all times,http://web.mta.info/nyct/service/,Greenpoint Ave,138.00000000,G,575,3,Brooklyn,057500,3057500,E,BK76,Greenpoint,4001,-73.9544256026856,40.7312666585479
139,1,139,"J-all times, M-all times exc nights, Z-rush hours AM westbound, PM eastbound",http://web.mta.info/nyct/service/,Marcy Ave,139.00000000,J-M-Z,529,3,Brooklyn,052900,3052900,E,BK72,Williamsburg,4001,-73.9578302176125,40.7083835952854
140,1,140,"J-all times, skips weekdays AM westbound, PM eastbound, M-all times exc nights",http://web.mta.info/nyct/service/,Hewes St,140.00000000,J-M,529,3,Brooklyn,052900,3052900,E,BK72,Williamsburg,4001,-73.9534913547902,40.7068922806969
141,1,141,"4-all times, skips rush hours AM southbound, PM northbound, 5-all times exc nights",http://web.mta.info/nyct/service/,138th St - Grand Concourse,141.00000000,4-5,51,2,Bronx,005100,2005100,E,BX39,Mott Haven-Port Morris,3710,-73.9298476965121,40.8132229233586
142,1,142,"E-all times, M-weekdays and evenings",http://web.mta.info/nyct/service/,5th Ave - 53rd St,142.00000000,E-M,102,1,Manhattan,010200,1010200,I,MN17,Midtown-Midtown South,3807,-73.9752485509715,40.7600890698754
143,1,143,"E-all times, M-weekdays and evenings",http://web.mta.info/nyct/service/,Lexington Ave - 53rd St,143.00000000,E-M,98,1,Manhattan,009800,1009800,I,MN19,Turtle Bay-East Midtown,3808,-73.9690681418168,40.757469366841
144,1,144,"N-all times, R-all times exc nights, part time",http://web.mta.info/nyct/service/,28th St,144.00000000,N-Q-R-W,76,1,Manhattan,007600,1007600,I,MN17,Midtown-Midtown South,3807,-73.9886963307748,40.7454514321238
145,1,145,"N,Q-all times, R-all times exc nights",http://web.mta.info/nyct/service/,Herald Sq - 34th St,145.00000000,N-Q-R-W,101,1,Manhattan,010100,1010100,I,MN17,Midtown-Midtown South,3807,-73.9879327627833,40.7496436651066
146,1,146,L-all times,http://web.mta.info/nyct/service/,1st Ave,146.00000000,L,34,1,Manhattan,003400,1003400,I,MN22,East Village,3809,-73.9816804884058,40.7309739466309
147,1,147,"S to Grand Central-all times exc nights, closed nights-use 7",http://web.mta.info/nyct/service/,Times Sq - 42nd St,147.00000000,S,119,1,Manhattan,011900,1011900,E,MN17,Midtown-Midtown South,3807,-73.9862259637435,40.755985956746
148,1,148,G-all times,http://web.mta.info/nyct/service/,Metropolitan Ave,148.00000000,G,513,3,Brooklyn,051300,3051300,E,BK73,North Side-South Side,4001,-73.9514252296367,40.7127756291574
149,1,149,L-all times,http://web.mta.info/nyct/service/,Grand St,149.00000000,L,495,3,Brooklyn,049500,3049500,I,BK90,East Williamsburg,4001,-73.940492732629,40.7115772114447
150,1,150,L-all times,http://web.mta.info/nyct/service/,Graham Ave,150.00000000,L,497,3,Brooklyn,049700,3049700,E,BK90,East Williamsburg,4001,-73.94394226332,40.7145732152828
151,1,151,L-all times,http://web.mta.info/nyct/service/,Bedford Ave,151.00000000,L,553,3,Brooklyn,055300,3055300,E,BK73,North Side-South Side,4001,-73.9566624077431,40.7171741820139
152,1,152,L-all times,http://web.mta.info/nyct/service/,Montrose Ave,152.00000000,L,493,3,Brooklyn,049300,3049300,E,BK78,Bushwick South,4002,-73.9397920467073,40.7073893892705
153,1,153,G-all times,http://web.mta.info/nyct/service/,Long Island City - Court Sq,153.00000000,G,19,4,Queens,001900,4001900,I,QN31,Hunters Point-Sunnyside-West Maspeth,4109,-73.9438164991802,40.7463021501247
154,1,154,G-all times,http://web.mta.info/nyct/service/,21st St,154.00000000,G,7,4,Queens,000700,4000700,I,QN31,Hunters Point-Sunnyside-West Maspeth,4109,-73.9496016496099,40.7441310962359
155,1,155,"N-all times, W part time",http://web.mta.info/nyct/service/,39th Ave,155.00000000,N-W,31,4,Queens,003100,4003100,E,QN68,Queensbridge-Ravenswood-Long Island City,4101,-73.9328480695611,40.7527604462558
156,1,156,1-all times,http://web.mta.info/nyct/service/,145th St,156.00000000,1,229,1,Manhattan,022900,1022900,E,MN04,Hamilton Heights,3802,-73.9503562344486,40.8265541235877
157,1,157,1-all times,http://web.mta.info/nyct/service/,157th St,157.00000000,1,241,1,Manhattan,024100,1024100,E,MN36,Washington Heights South,3801,-73.9448944775211,40.8340377280426
158,1,158,"1,2,3-all times",http://web.mta.info/nyct/service/,96th St,158.00000000,1-2-3,183,1,Manhattan,018300,1018300,I,MN12,Upper West Side,3806,-73.9723200431453,40.7939181878214
159,1,159,1-all times,http://web.mta.info/nyct/service/,103rd St,159.00000000,1,191,1,Manhattan,019100,1019100,I,MN12,Upper West Side,3806,-73.968376439048,40.7994470285679
160,1,160,"2,3-all times",http://web.mta.info/nyct/service/,Central Park North (110th St),160.00000000,2-3,186,1,Manhattan,018600,1018600,E,MN11,Central Harlem South,3803,-73.9518204883617,40.7990730132728
161,1,161,"A-nights, B-weekdays and evenings, C-all times exc nights",http://web.mta.info/nyct/service/,103rd St,161.00000000,A-B-C,143,1,Manhattan,014300,1014300,I,MN99,park-cemetery-etc-Manhattan,3806,-73.9613695798319,40.7960604132319
162,1,162,"1,2,3-all times",http://web.mta.info/nyct/service/,72nd St,162.00000000,1-2-3,159,1,Manhattan,015900,1015900,I,MN14,Lincoln Square,3806,-73.9819679492968,40.7784513099311
163,1,163,"A-nights, B-weekdays and evenings, C-all times exc nights",http://web.mta.info/nyct/service/,81st St,163.00000000,A-B-C,143,1,Manhattan,014300,1014300,I,MN99,park-cemetery-etc-Manhattan,3806,-73.9720954643243,40.7813490731292
164,1,164,"E-evenings, weekends, nights, F-all times",http://web.mta.info/nyct/service/,75th Ave,164.00000000,E-F,769.01,4,Queens,076901,4076901,I,QN17,Forest Hills,4108,-73.8369259635228,40.7180456874041
165,1,165,"A-nights, B-weekdays and evenings, C-all times exc nights",http://web.mta.info/nyct/service/,86th St,165.00000000,A-B-C,143,1,Manhattan,014300,1014300,I,MN99,park-cemetery-etc-Manhattan,3806,-73.9688255966901,40.7858247124552
166,1,166,1-all times,http://web.mta.info/nyct/service/,Cathedral Pkwy (110th St),166.00000000,1,195,1,Manhattan,019500,1019500,I,MN09,Morningside Heights,3802,-73.966849303065,40.8039690467186
167,1,167,1-all times,http://web.mta.info/nyct/service/,116th St - Columbia University,167.00000000,1,203,1,Manhattan,020300,1020300,E,MN09,Morningside Heights,3802,-73.9641094414485,40.8077224277781
168,1,168,"2,3-all times",http://web.mta.info/nyct/service/,125th St,168.00000000,2-3,200,1,Manhattan,020000,1020000,E,MN11,Central Harlem South,3803,-73.9454963487615,40.8077564248248
169,1,169,"2,3-all times",http://web.mta.info/nyct/service/,135th St,169.00000000,2-3,212,1,Manhattan,021200,1021200,I,MN03,Central Harlem North-Polo Grounds,3803,-73.940771210367,40.8142291451517
170,1,170,"2,3-all times",http://web.mta.info/nyct/service/,116th St,170.00000000,2-3,190,1,Manhattan,019000,1019000,I,MN11,Central Harlem South,3803,-73.9496285990684,40.8020990765714
171,1,171,"B-rush hours, D-all times",http://web.mta.info/nyct/service/,Tremont Ave,171.00000000,B-D,235.02,2,Bronx,023502,2023502,E,BX41,Mount Hope,3707,-73.9052248745744,40.8504089902607
172,1,172,1-all times,http://web.mta.info/nyct/service/,137th St - City College,172.00000000,1,223.01,1,Manhattan,022301,1022301,E,MN06,Manhattanville,3802,-73.9536800009998,40.8220064527686
173,1,173,"3-all times, exit only northbound",http://web.mta.info/nyct/service/,145th St,173.00000000,3,214,1,Manhattan,021400,1021400,E,MN03,Central Harlem North-Polo Grounds,3803,-73.9362437013351,40.8204225121375
174,1,174,4-all times,http://web.mta.info/nyct/service/,176th St,174.00000000,4,227.01,2,Bronx,022701,2022701,E,BX41,Mount Hope,3707,-73.9117915593013,40.848479172103
175,1,175,4-all times,http://web.mta.info/nyct/service/,Burnside Ave,175.00000000,4,243,2,Bronx,024300,2024300,E,BX36,University Heights-Morris Heights,3707,-73.9076862584529,40.8534530961934
176,1,176,"B-rush hours, D-all times, skips rush hours AM southbound, PM northbound",http://web.mta.info/nyct/service/,170th St,176.00000000,B-D,225,2,Bronx,022500,2022500,E,BX14,East Concourse-Concourse Village,3708,-73.9133995436599,40.8393049721573
177,1,177,1-all times,http://web.mta.info/nyct/service/,168th St,177.00000000,1,251,1,Manhattan,025100,1025100,E,MN36,Washington Heights South,3801,-73.9401334065153,40.8405554563798
178,1,178,1-all times,http://web.mta.info/nyct/service/,181st St,178.00000000,1,269,1,Manhattan,026900,1026900,E,MN35,Washington Heights North,3801,-73.9335936712469,40.8495052443884
179,1,179,1-all times,http://web.mta.info/nyct/service/,191st St,179.00000000,1,277,1,Manhattan,027700,1027700,E,MN35,Washington Heights North,3801,-73.9294075220229,40.8552264952188
180,1,180,A-all times,http://web.mta.info/nyct/service/,175th St,180.00000000,A,263,1,Manhattan,026300,1026300,E,MN36,Washington Heights South,3801,-73.9397022151789,40.8473919258542
181,1,181,A-all times,http://web.mta.info/nyct/service/,Beach 44th St,181.00000000,A,972.02,4,Queens,097202,4097202,E,QN12,Hammels-Arverne-Edgemere,4114,-73.7760112041067,40.5929430729461
182,1,182,A-all times,http://web.mta.info/nyct/service/,Beach 60th St,182.00000000,A,972.02,4,Queens,097202,4097202,E,QN12,Hammels-Arverne-Edgemere,4114,-73.7885247360145,40.592376896824
183,1,183,"A-rush hours AM northbound, PM southbound, S Broad Channel to Rockaway Park-all times",http://web.mta.info/nyct/service/,Beach 98th St,183.00000000,A-S,942.01,4,Queens,094201,4094201,E,QN10,Breezy Point-Belle Harbor-Rockaway Park-Broad Channel,4114,-73.8205227264348,40.5853845676251
184,1,184,"A-rush hours AM northbound, PM southbound, S to Broad Channel-all times",http://web.mta.info/nyct/service/,Rockaway Park - Beach 116 St,184.00000000,A-S,938,4,Queens,093800,4093800,E,QN10,Breezy Point-Belle Harbor-Rockaway Park-Broad Channel,4114,-73.8355874737495,40.5809568514228
185,1,185,A-all times,http://web.mta.info/nyct/service/,Beach 36th St,185.00000000,A,992,4,Queens,099200,4099200,E,QN12,Hammels-Arverne-Edgemere,4114,-73.7681778948292,40.5953987211174
186,1,186,A-all times,http://web.mta.info/nyct/service/,Beach 25th St,186.00000000,A,998.01,4,Queens,099801,4099801,E,QN15,Far Rockaway-Bayswater,4114,-73.7613506986698,40.6000642041696
187,1,187,F-all times,http://web.mta.info/nyct/service/,Parsons Blvd,187.00000000,F,236,4,Queens,023600,4023600,E,QN35,Briarwood-Jamaica Hills,4106,-73.8032930392854,40.7075732504056
188,1,188,F-all times,http://web.mta.info/nyct/service/,169th St,188.00000000,F,460,4,Queens,046000,4046000,E,QN61,Jamaica,4112,-73.79347445323,40.7105149595306
189,1,189,7-all times,http://web.mta.info/nyct/service/,103rd St - Corona Plaza,189.00000000,7,405,4,Queens,040500,4040500,E,QN26,North Corona,4102,-73.8626986290242,40.7498682415582
190,1,190,7-all times,http://web.mta.info/nyct/service/,111th St,190.00000000,7,399,4,Queens,039900,4039900,E,QN25,Corona,4107,-73.8553324436944,40.7517328773479
191,1,191,"E-nights, R-all other times, M-weekdays and evenings",http://web.mta.info/nyct/service/,63rd Dr - Rego Park,191.00000000,E-M-R,693,4,Queens,069300,4069300,E,QN18,Rego Park,4108,-73.8616206506833,40.729762241742
192,1,192,"A-all times, S Euclid Av to Ozone Park-Lefferts Blvd-nights",http://web.mta.info/nyct/service/,Grant Ave,192.00000000,A-S,1202,3,Brooklyn,120200,3120200,E,BK83,Cypress Hills-City Line,4008,-73.8650522150686,40.6770453504907
193,1,193,"1-all times, 2-nights",http://web.mta.info/nyct/service/,79th St,193.00000000,1-2,167,1,Manhattan,016700,1016700,I,MN12,Upper West Side,3806,-73.979919790449,40.7839338256439
194,1,194,L-all times,http://web.mta.info/nyct/service/,Atlantic Ave,194.00000000,L,1144,3,Brooklyn,114400,3114400,E,BK85,East New York (Pennsylvania Ave),4007,-73.9030958673511,40.675342132998
195,1,195,"1-all times, 2-nights",http://web.mta.info/nyct/service/,Christopher St - Sheridan Sq,195.00000000,1-2,73,1,Manhattan,007300,1007300,I,MN23,West Village,3810,-74.0029076785696,40.7334245182916
196,1,196,"S to Euclid Av-nights, A-all other times",http://web.mta.info/nyct/service/,Ozone Park - Lefferts Blvd,196.00000000,A-S,106,4,Queens,010600,4010600,I,QN55,South Ozone Park,4113,-73.8257958371526,40.6859490631382
197,1,197,"7-all times, 7 Express-rush hours AM westbound, PM eastbound",http://web.mta.info/nyct/service/,Times Sq - 42nd St,197.00000000,7-7 Express,113,1,Manhattan,011300,1011300,I,MN17,Midtown-Midtown South,3807,-73.9876902176566,40.7554756015834
198,1,198,"F,Q-all times",http://web.mta.info/nyct/service/,W 8th St - NY Aquarium,198.00000000,F-Q,354,3,Brooklyn,035400,3035400,E,BK23,West Brighton,4018,-73.975958220046,40.5760307580284
199,1,199,"1-all times, 2-nights",http://web.mta.info/nyct/service/,28th St,199.00000000,1-2,95,1,Manhattan,009500,1009500,I,MN17,Midtown-Midtown South,3807,-73.9933675702522,40.7472141077359
200,1,200,"4 nights, 6-all times, 6 Express-weekdays AM southbound, PM northbound",http://web.mta.info/nyct/service/,28th St,200.00000000,4-6-6 Express,68,1,Manhattan,006800,1006800,I,MN21,Gramercy,3808,-73.9842676364241,40.7430693638281
201,1,201,"6 Express-weekdays AM southbound, PM northbound, 6-all other times",http://web.mta.info/nyct/service/,Pelham Bay Park,201.00000000,6-6 Express,300,2,Bronx,030000,2030000,E,BX10,Pelham Bay-Country Club-City Island,3703,-73.8281224737384,40.8524610591763
202,1,202,"6 Express-weekdays AM southbound, PM northbound, 6-all other times",http://web.mta.info/nyct/service/,Westchester Sq - E Tremont Ave,202.00000000,6-6 Express,96,2,Bronx,009600,2009600,E,BX59,Westchester-Unionport,3709,-73.8429536590793,40.8398894405454
203,1,203,"1-all times, 2-nights",http://web.mta.info/nyct/service/,18th St,203.00000000,1-2,81,1,Manhattan,008100,1008100,I,MN13,Hudson Yards-Chelsea-Flatiron-Union Square,3807,-73.9978681298257,40.7410411355779
204,1,204,"7-all times, 7 Express-rush hours AM westbound, PM eastbound",http://web.mta.info/nyct/service/,Grand Central - 42nd St,204.00000000,7-7 Express,80,1,Manhattan,008000,1008000,I,MN20,Murray Hill-Kips Bay,3808,-73.9760390684216,40.7514334503073
205,1,205,A-all times,http://web.mta.info/nyct/service/,Beach 67th St,205.00000000,A,954,4,Queens,095400,4095400,E,QN12,Hammels-Arverne-Edgemere,4114,-73.796923983921,40.5909239168863
206,1,206,"A,E-all times, C-all times exc nights",http://web.mta.info/nyct/service/,W 4th St - Washington Sq (Upper),206.00000000,A-C-E,65,1,Manhattan,006500,1006500,I,MN23,West Village,3810,-74.0004912104553,40.7323353864739
207,1,207,J-all times,http://web.mta.info/nyct/service/,85th St - Forest Pky,207.00000000,J,12,4,Queens,001200,4001200,I,QN53,Woodhaven,4111,-73.8600845315474,40.6924268394907
208,1,208,"J-all times, Z-rush hours AM westbound, PM eastbound",http://web.mta.info/nyct/service/,Woodhaven Blvd,208.00000000,J-Z,20,4,Queens,002000,4002000,E,QN53,Woodhaven,4111,-73.8520535929074,40.693707334823
209,1,209,J-all times,http://web.mta.info/nyct/service/,111th St,209.00000000,J,124,4,Queens,012400,4012400,E,QN54,Richmond Hill,4111,-73.8367912162302,40.6971127877558
210,1,210,"Z-rush hours AM westbound, PM eastbound, J-all other times",http://web.mta.info/nyct/service/,121st St,210.00000000,J-Z,144,4,Queens,014400,4014400,I,QN54,Richmond Hill,4111,-73.8283470525595,40.7004840146901
211,1,211,L-all times,http://web.mta.info/nyct/service/,Halsey St,211.00000000,L,555,4,Queens,055500,4055500,E,QN20,Ridgewood,4110,-73.9039313005653,40.6955190574528
212,1,212,L-all times,http://web.mta.info/nyct/service/,Myrtle - Wyckoff Aves,212.00000000,L,439,3,Brooklyn,043900,3043900,E,BK77,Bushwick North,4002,-73.9109740923928,40.6994692592784
213,1,213,"4-nights, 3-all other times",http://web.mta.info/nyct/service/,New Lots Ave,213.00000000,3-4,1124,3,Brooklyn,112400,3112400,E,BK82,East New York,4008,-73.8841144653976,40.6663143538489
214,1,214,"A-nights, C-all other times",http://web.mta.info/nyct/service/,Van Siclen Ave,214.00000000,A-C,1152,3,Brooklyn,115200,3115200,E,BK82,East New York,4008,-73.8903577566222,40.6727122797315
215,1,215,J-all times,http://web.mta.info/nyct/service/,Cleveland St,215.00000000,J,1170,3,Brooklyn,117000,3117000,E,BK82,East New York,4008,-73.8851924437385,40.6797772204754
216,1,216,L-all times,http://web.mta.info/nyct/service/,Livonia Ave,216.00000000,L,910,3,Brooklyn,091000,3091000,E,BK81,Brownsville,4007,-73.9005626182498,40.6640589216154
217,1,217,"4-nights, 3-all other times",http://web.mta.info/nyct/service/,Junius St,217.00000000,3-4,910,3,Brooklyn,091000,3091000,E,BK81,Brownsville,4007,-73.9024490803465,40.6635887463765
218,1,218,"4-nights, 3-all other times",http://web.mta.info/nyct/service/,Rockaway Ave,218.00000000,3-4,924,3,Brooklyn,092400,3092400,E,BK81,Brownsville,4007,-73.9089618661564,40.6626143146769
219,1,219,L-all times,http://web.mta.info/nyct/service/,Canarsie - Rockaway Pkwy,219.00000000,L,974,3,Brooklyn,097400,3097400,I,BK50,Canarsie,4009,-73.9018472091061,40.6466534145458
220,1,220,L-all times,http://web.mta.info/nyct/service/,E 105th St,220.00000000,L,1098,3,Brooklyn,109800,3109800,I,BK82,East New York,4008,-73.8995475219788,40.6504702025641
221,1,221,"4-nights, 3-all other times",http://web.mta.info/nyct/service/,Saratoga Ave,221.00000000,3-4,894,3,Brooklyn,089400,3089400,E,BK81,Brownsville,4007,-73.9163280514861,40.6615308389402
222,1,222,"4-nights, 3-all other times",http://web.mta.info/nyct/service/,Sutter Ave - Rutland Road,222.00000000,3-4,900,3,Brooklyn,090000,3090000,E,BK81,Brownsville,4007,-73.9225174437937,40.6647675852779
223,1,223,L-all times,http://web.mta.info/nyct/service/,New Lots Ave,223.00000000,L,920,3,Brooklyn,092000,3092000,E,BK81,Brownsville,4007,-73.8992780273935,40.6589140702433
224,1,224,"J-all times, Z-rush hours AM westbound, PM eastbound",http://web.mta.info/nyct/service/,Broadway Junction,224.00000000,J-Z,405,3,Brooklyn,040500,3040500,I,BK78,Bushwick South,4002,-73.9042906266789,40.6793684689965
225,1,225,J-all times,http://web.mta.info/nyct/service/,Alabama Ave,225.00000000,J,1198,3,Brooklyn,119800,3119800,E,BK82,East New York,4008,-73.8985234425549,40.676997660993
226,1,226,"A-nights, C-all other times",http://web.mta.info/nyct/service/,Shepherd Ave,226.00000000,A-C,1166,3,Brooklyn,116600,3116600,E,BK82,East New York,4008,-73.8807457830822,40.6741294156232
227,1,227,"J-all times, Z-rush hours AM westbound, PM eastbound",http://web.mta.info/nyct/service/,Crescent St,227.00000000,J-Z,1178,3,Brooklyn,117800,3117800,E,BK83,Cypress Hills-City Line,4008,-73.8739275700757,40.683149324541
228,1,228,J-all times,http://web.mta.info/nyct/service/,Cypress Hills,228.00000000,J,1182.01,3,Brooklyn,118201,3118201,I,BK83,Cypress Hills-City Line,4008,-73.8733256988353,40.6896137500357
229,1,229,"Z-rush hours AM westbound, PM eastbound, J-all other times",http://web.mta.info/nyct/service/,75th St - Eldert Ln,229.00000000,J-Z,4,4,Queens,000400,4000400,I,QN53,Woodhaven,4111,-73.8672890201261,40.6912893575723
230,1,230,7-all times,http://web.mta.info/nyct/service/,69th St,230.00000000,7,263,4,Queens,026300,4026300,E,QN63,Woodside,4109,-73.8964034184844,40.746322567223
231,1,231,7-all times,http://web.mta.info/nyct/service/,74th St - Broadway,231.00000000,7,267,4,Queens,026700,4026700,E,QN29,Elmhurst,4107,-73.8912021729893,40.7468670208654
232,1,232,"E-nights, R-all other times, M-weekdays and evenings",http://web.mta.info/nyct/service/,Woodhaven Blvd - Queens Mall,232.00000000,E-M-R,475,4,Queens,047500,4047500,E,QN29,Elmhurst,4107,-73.8694359936551,40.7330977806182
233,1,233,M-all times,http://web.mta.info/nyct/service/,Myrtle - Wyckoff Aves,233.00000000,M,439,3,Brooklyn,043900,3043900,E,BK77,Bushwick North,4002,-73.9121778348735,40.6994556382952
234,1,234,M-all times,http://web.mta.info/nyct/service/,Seneca Ave,234.00000000,M,549,4,Queens,054900,4054900,E,QN20,Ridgewood,4110,-73.9075784606188,40.7029220886624
235,1,235,L-all times,http://web.mta.info/nyct/service/,DeKalb Ave,235.00000000,L,443,3,Brooklyn,044300,3044300,E,BK77,Bushwick North,4002,-73.9182324798885,40.7036916297944
236,1,236,7-all times,http://web.mta.info/nyct/service/,52nd St,236.00000000,7,253.02,4,Queens,025302,4025302,E,QN31,Hunters Point-Sunnyside-West Maspeth,4109,-73.91254614414,40.7441515140007
237,1,237,"E-nights, R-all other times, M-weekdays and evenings",http://web.mta.info/nyct/service/,46th St,237.00000000,E-M-R,161,4,Queens,016100,4016100,E,QN70,Astoria,4101,-73.9135253077997,40.7563193866696
238,1,238,"E-nights, R-all other times, M-weekdays and evenings",http://web.mta.info/nyct/service/,Northern Blvd,238.00000000,E-M-R,255,4,Queens,025500,4025500,I,QN63,Woodside,4109,-73.9060692909415,40.7528216915833
239,1,239,7-all times,http://web.mta.info/nyct/service/,46th St,239.00000000,7,253.01,4,Queens,025301,4025301,I,QN31,Hunters Point-Sunnyside-West Maspeth,4109,-73.9184390924038,40.7431306180816
240,1,240,7-all times,http://web.mta.info/nyct/service/,82nd St - Jackson Hts,240.00000000,7,269.01,4,Queens,026901,4026901,E,QN29,Elmhurst,4107,-73.8837012403669,40.7476564707294
241,1,241,7-all times,http://web.mta.info/nyct/service/,90th St - Elmhurst Av,241.00000000,7,271,4,Queens,027100,4027100,E,QN29,Elmhurst,4107,-73.8766135327752,40.7484050783227
242,1,242,A-all times,http://web.mta.info/nyct/service/,Howard Beach - JFK Airport,242.00000000,A,716,4,Queens,071600,4071600,I,QN98,Airport,4105,-73.8303053798789,40.6604746035138
243,1,243,A-all times,http://web.mta.info/nyct/service/,Aqueduct - North Conduit Av,243.00000000,A,88,4,Queens,008800,4008800,I,QN56,Ozone Park,4113,-73.8340603377665,40.6682358401717
244,1,244,"E-evenings, weekends, nights, F-all times",http://web.mta.info/nyct/service/,Briarwood - Van Wyck Blvd,244.00000000,E-F,216,4,Queens,021600,4021600,I,QN60,Kew Gardens,4111,-73.8206934063388,40.7091598828132
245,1,245,"E,F-all times, M-weekdays and evenings, R-all times exc nights",http://web.mta.info/nyct/service/,Forest Hills - 71st Av,245.00000000,E-F-M-R,711,4,Queens,071100,4071100,I,QN17,Forest Hills,4108,-73.8445167276736,40.721592868957
246,1,246,F-all times,http://web.mta.info/nyct/service/,Sutphin Blvd,246.00000000,F,238,4,Queens,023800,4023800,E,QN61,Jamaica,4112,-73.8108299045191,40.7054213623622
247,1,247,"E,J-all times, Z-rush hours AM westbound, PM eastbound",http://web.mta.info/nyct/service/,Jamaica Ctr - Parsons / Archer,247.00000000,E-J-Z,246,4,Queens,024600,4024600,I,QN61,Jamaica,4112,-73.8010921668393,40.7020640057655
248,1,248,"2-all times, 5-rush hours AM southbound, PM northbound",http://web.mta.info/nyct/service/,225th St,248.00000000,2-5,406,2,Bronx,040600,2040600,I,BX44,Williamsbridge-Olinville,3702,-73.8602102956872,40.888029209819
249,1,249,6-all times,http://web.mta.info/nyct/service/,Elder Ave,249.00000000,6,50.02,2,Bronx,005002,2005002,E,BX55,Soundview-Bruckner,3709,-73.8791557650293,40.8285865393109
250,1,250,6-all times,http://web.mta.info/nyct/service/,Longwood Ave,250.00000000,6,85,2,Bronx,008500,2008500,E,BX33,Longwood,3710,-73.8964393510957,40.8161055720539
251,1,251,"N-all times, W part time",http://web.mta.info/nyct/service/,Astoria Blvd,251.00000000,N-W,65.01,4,Queens,006501,4006501,E,QN70,Astoria,4101,-73.9180977325959,40.7700361965651
252,1,252,"N-all times, W part time",http://web.mta.info/nyct/service/,Astoria - Ditmars Blvd,252.00000000,N-W,115,4,Queens,011500,4011500,E,QN72,Steinway,4101,-73.912034104428,40.7750364126414
253,1,253,"2-all times, 5-all times exc nights, skips rush hours AM southbound, PM northbound",http://web.mta.info/nyct/service/,Jackson Ave,253.00000000,2-5,79,2,Bronx,007900,2007900,E,BX34,Melrose South-Mott Haven North,3710,-73.9077042247586,40.816438700268
254,1,254,"2-all times, 5-all times exc nights, skips rush hours AM southbound, PM northbound",http://web.mta.info/nyct/service/,Prospect Ave,254.00000000,2-5,79,2,Bronx,007900,2007900,E,BX34,Melrose South-Mott Haven North,3710,-73.9017753438834,40.8194843663744
255,1,255,6-all times,http://web.mta.info/nyct/service/,Cypress Ave,255.00000000,6,27.02,2,Bronx,002702,2002702,E,BX39,Mott Haven-Port Morris,3710,-73.9140463306645,40.8053697898408
256,1,256,"2-all times, 5-all times exc nights, skips rush hours AM southbound, PM northbound",http://web.mta.info/nyct/service/,174th St,256.00000000,2-5,161,2,Bronx,016100,2016100,E,BX75,Crotona Park East,3705,-73.8876897602284,40.8371981247327
257,1,257,"2-all times, 5-rush hours AM southbound, PM northbound",http://web.mta.info/nyct/service/,Allerton Ave,257.00000000,2-5,338,2,Bronx,033800,2033800,E,BX07,Bronxdale,3704,-73.867235121209,40.865485458179
258,1,258,6-all times,http://web.mta.info/nyct/service/,E 143rd St - St Mary's St,258.00000000,6,31,2,Bronx,003100,2003100,E,BX39,Mott Haven-Port Morris,3710,-73.9076593089944,40.8087219336801
259,1,259,4-all times,http://web.mta.info/nyct/service/,Kingsbridge Rd,259.00000000,4,403.04,2,Bronx,040304,2040304,E,BX28,Van Cortlandt Village,3701,-73.8971759696287,40.8677612379096
260,1,260,4-all times,http://web.mta.info/nyct/service/,Bedford Park Blvd - Lehman College,260.00000000,4,409,2,Bronx,040900,2040900,E,BX28,Van Cortlandt Village,3701,-73.8900613125785,40.8734129853603
261,1,261,3-all times,http://web.mta.info/nyct/service/,Harlem - 148 St,261.00000000,3,236,1,Manhattan,023600,1023600,E,MN03,Central Harlem North-Polo Grounds,3803,-73.9364682801561,40.8238826596831
262,1,262,4-all times,http://web.mta.info/nyct/service/,Mt Eden Ave,262.00000000,4,227.02,2,Bronx,022702,2022702,E,BX41,Mount Hope,3707,-73.9146841345162,40.8444358849371
263,1,263,"B-rush hours, D-all times",http://web.mta.info/nyct/service/,Fordham Rd,263.00000000,B-D,237.02,2,Bronx,023702,2023702,E,BX05,Bedford Park-Fordham North,3706,-73.8977508914105,40.8612937427801
264,1,264,4-all times,http://web.mta.info/nyct/service/,170th St,264.00000000,4,221.01,2,Bronx,022101,2022101,E,BX63,West Concourse,3708,-73.9177923053993,40.8400729353718
265,1,265,"B-rush hours, D-all times",http://web.mta.info/nyct/service/,Bedford Park Blvd,265.00000000,B-D,413,2,Bronx,041300,2041300,E,BX05,Bedford Park-Fordham North,3706,-73.8871417879051,40.8732431682483
266,1,266,1-all times,http://web.mta.info/nyct/service/,Marble Hill - 225th St,266.00000000,1,309,1,Manhattan,030900,1030900,E,MN01,Marble Hill-Inwood,3801,-73.909833231982,40.8745609376129
267,1,267,1-all times,http://web.mta.info/nyct/service/,231st St,267.00000000,1,283,2,Bronx,028300,2028300,E,BX29,Spuyten Duyvil-Kingsbridge,3701,-73.9048296158494,40.8788536950769
268,1,268,1-all times,http://web.mta.info/nyct/service/,215th St,268.00000000,1,303,1,Manhattan,030300,1030300,E,MN01,Marble Hill-Inwood,3801,-73.9152770226037,40.8694459438672
269,1,269,1-all times,http://web.mta.info/nyct/service/,207th St,269.00000000,1,299,1,Manhattan,029900,1029900,E,MN01,Marble Hill-Inwood,3801,-73.9188163848232,40.8646158858704
270,1,270,A-all times,http://web.mta.info/nyct/service/,Inwood - 207th St,270.00000000,A,293,1,Manhattan,029300,1029300,E,MN01,Marble Hill-Inwood,3801,-73.9199033463169,40.8680737269299
271,1,271,1-all times,http://web.mta.info/nyct/service/,Van Cortlandt Park - 242nd St,271.00000000,1,285,2,Bronx,028500,2028500,E,BX29,Spuyten Duyvil-Kingsbridge,3701,-73.8985863246248,40.8892448191463
272,1,272,"2-all times, 5-all times exc nights, skips rush hours AM southbound, PM northbound",http://web.mta.info/nyct/service/,West Farms Sq - E Tremont Av,272.00000000,2-5,361,2,Bronx,036100,2036100,E,BX17,East Tremont,3705,-73.879964248785,40.8402088571379
273,1,273,"2-all times, 5-rush hours AM southbound, PM northbound",http://web.mta.info/nyct/service/,219th St,273.00000000,2-5,396,2,Bronx,039600,2039600,E,BX44,Williamsbridge-Olinville,3702,-73.8625099828145,40.883886462825
274,1,274,4-all times,http://web.mta.info/nyct/service/,Mosholu Pkwy,274.00000000,4,419,2,Bronx,041900,2041900,E,BX43,Norwood,3706,-73.8846534545681,40.8797502485188
275,1,275,D-all times,http://web.mta.info/nyct/service/,Norwood - 205th St,275.00000000,D,423,2,Bronx,042300,2042300,E,BX43,Norwood,3706,-73.8788593209855,40.8748122617815
276,1,276,"2-all times, 5-rush hours AM southbound, PM northbound",http://web.mta.info/nyct/service/,Burke Ave,276.00000000,2-5,338,2,Bronx,033800,2033800,E,BX07,Bronxdale,3704,-73.8670554581522,40.8712596721251
277,1,277,5-all times,http://web.mta.info/nyct/service/,Baychester Ave,277.00000000,5,462.02,2,Bronx,046202,2046202,E,BX13,Co-op City,3703,-73.8385878467984,40.8786635155129
278,1,278,5-all times,http://web.mta.info/nyct/service/,Eastchester - Dyre Ave,278.00000000,5,484,2,Bronx,048400,2048400,I,BX03,Eastchester-Edenwald-Baychester,3702,-73.8308353858965,40.888300856299
279,1,279,F-all times,http://web.mta.info/nyct/service/,Jamaica - 179th St,279.00000000,F,468,4,Queens,046800,4046800,E,QN61,Jamaica,4112,-73.7838175639257,40.7126462555566
280,1,280,2-all times,http://web.mta.info/nyct/service/,Wakefield - 241st St,280.00000000,2,434,2,Bronx,043400,2043400,E,BX62,Woodlawn-Wakefield,3702,-73.8506162884528,40.9031242717637
281,1,281,S Franklin Av-Fulton St to Prospect Park-all times,http://web.mta.info/nyct/service/,Botanic Garden,281.00000000,S,213,3,Brooklyn,021300,3021300,E,BK63,Crown Heights South,4011,-73.9592405726085,40.6703412350215
282,1,282,L-all times,http://web.mta.info/nyct/service/,Bushwick - Aberdeen,282.00000000,L,405,3,Brooklyn,040500,3040500,I,BK78,Bushwick South,4002,-73.9052608071858,40.6828632132435
283,1,283,L-all times,http://web.mta.info/nyct/service/,Broadway Junction,283.00000000,L,367,3,Brooklyn,036700,3036700,E,BK79,Ocean Hill,4007,-73.9031138336567,40.6784555816442
284,1,284,5-all times,http://web.mta.info/nyct/service/,Gun Hill Rd,284.00000000,5,350,2,Bronx,035000,2035000,I,BX31,Allerton-Pelham Gardens,3704,-73.8463852234646,40.8695274608102
285,1,285,"2,5-all times",http://web.mta.info/nyct/service/,E 180th St,285.00000000,2-5,220,2,Bronx,022000,2022000,E,BX17,East Tremont,3705,-73.873343665141,40.8418602843298
286,1,286,1-all times,http://web.mta.info/nyct/service/,Dyckman St,286.00000000,1,283,1,Manhattan,028300,1028300,E,MN35,Washington Heights North,3801,-73.9255357831484,40.8605328194769
287,1,287,1-all times,http://web.mta.info/nyct/service/,125th St,287.00000000,1,211,1,Manhattan,021100,1021100,E,MN09,Morningside Heights,3802,-73.9583692067829,40.8155820814807
288,1,288,S to Prospect Park-all times,http://web.mta.info/nyct/service/,Franklin Ave - Fulton St,288.00000000,S,227,3,Brooklyn,022700,3022700,E,BK69,Clinton Hill,4004,-73.9558269745289,40.680594715914
289,1,289,"2-all times, 5-all times exc nights",http://web.mta.info/nyct/service/,149th St - Grand Concourse,289.00000000,2-5,51,2,Bronx,005100,2005100,E,BX39,Mott Haven-Port Morris,3710,-73.9267215593234,40.8183286613244
290,1,290,"2-all times, 5-all times exc nights",http://web.mta.info/nyct/service/,3rd Ave - 149th St,290.00000000,2-5,65,2,Bronx,006500,2006500,E,BX34,Melrose South-Mott Haven North,3710,-73.9177923053993,40.8160307879392
291,1,291,4-all times,http://web.mta.info/nyct/service/,167th St,291.00000000,4,197,2,Bronx,019700,2019700,E,BX63,West Concourse,3708,-73.9214035328414,40.8355397848262
292,1,292,6-all times,http://web.mta.info/nyct/service/,Brook Ave,292.00000000,6,25,2,Bronx,002500,2002500,E,BX39,Mott Haven-Port Morris,3710,-73.9192385930067,40.8075660411389
293,1,293,7-all times,http://web.mta.info/nyct/service/,33rd St,293.00000000,7,179,4,Queens,017900,4017900,E,QN31,Hunters Point-Sunnyside-West Maspeth,4109,-73.9309975400758,40.7445870914902
294,1,294,7-all times,http://web.mta.info/nyct/service/,40th St,294.00000000,7,181.01,4,Queens,018101,4018101,E,QN31,Hunters Point-Sunnyside-West Maspeth,4109,-73.9240176303182,40.743783993275
295,1,295,"A,D-all times, B-weekdays and evenings, C-all times exc nights",http://web.mta.info/nyct/service/,145th St,295.00000000,A-B-C-D,231,1,Manhattan,023100,1023100,E,MN04,Hamilton Heights,3802,-73.9440859937654,40.8247663619442
296,1,296,"B-rush hours, D-all times, skips rush hours AM southbound, PM northbound",http://web.mta.info/nyct/service/,155th St,296.00000000,B-D,243.02,1,Manhattan,024302,1024302,E,MN03,Central Harlem North-Polo Grounds,3803,-73.9382110118073,40.8301362994071
297,1,297,"B-rush hours, D-all times, skips rush hours AM southbound, PM northbound",http://web.mta.info/nyct/service/,161st St - Yankee Stadium,297.00000000,B-D,195,2,Bronx,019500,2019500,E,BX63,West Concourse,3708,-73.9256525641353,40.8279068085436
298,1,298,"A-all times, C-all times exc nights",http://web.mta.info/nyct/service/,Utica Ave,298.00000000,A-C,297,3,Brooklyn,029700,3029700,I,BK61,Crown Heights North,4006,-73.9307280454906,40.6793616564506
299,1,299,"E-nights, R-all other times, M-weekdays and evenings",http://web.mta.info/nyct/service/,Steinway St,299.00000000,E-M-R,157,4,Queens,015700,4015700,E,QN70,Astoria,4101,-73.920523183863,40.7569862414998
300,1,300,J-all times,http://web.mta.info/nyct/service/,Kosciuszko St,300.00000000,J,289,3,Brooklyn,028900,3028900,E,BK35,Stuyvesant Heights,4003,-73.9285092067388,40.6931692573354
301,1,301,"Z-rush hours AM westbound, PM eastbound, J-all other times",http://web.mta.info/nyct/service/,Gates Ave,301.00000000,J-Z,397,3,Brooklyn,039700,3039700,E,BK78,Bushwick South,4002,-73.9221581176801,40.6895865040365
302,1,302,M-all times,http://web.mta.info/nyct/service/,Central Ave,302.00000000,M,423,3,Brooklyn,042300,3042300,E,BK78,Bushwick South,4002,-73.9272425821882,40.6978755853497
303,1,303,M-all times,http://web.mta.info/nyct/service/,Knickerbocker Ave,303.00000000,M,431,3,Brooklyn,043100,3043100,E,BK77,Bushwick North,4002,-73.9197236832601,40.6986588059337
304,1,304,"N-all times, W part time",http://web.mta.info/nyct/service/,30th Ave,304.00000000,N-W,63,4,Queens,006300,4006300,E,QN70,Astoria,4101,-73.9214753980641,40.7667773498215
305,1,305,L-all times,http://web.mta.info/nyct/service/,Jefferson St,305.00000000,L,447,3,Brooklyn,044700,3044700,E,BK77,Bushwick North,4002,-73.9229127025187,40.7066062713429
306,1,306,L-all times,http://web.mta.info/nyct/service/,Morgan Ave,306.00000000,L,453,3,Brooklyn,045300,3045300,E,BK77,Bushwick North,4002,-73.9331445136049,40.7061500157831
307,1,307,"E-all times, M-weekdays and evenings, R-all times exc nights",http://web.mta.info/nyct/service/,Queens Plz,307.00000000,E-M-R,171,4,Queens,017100,4017100,I,QN31,Hunters Point-Sunnyside-West Maspeth,4109,-73.9371420166192,40.748915487759
308,1,308,F-all times,http://web.mta.info/nyct/service/,18th Ave,308.00000000,F,480,3,Brooklyn,048000,3048000,E,BK42,Flatbush,4015,-73.976973316317,40.6297546898383
309,1,309,R-all times,http://web.mta.info/nyct/service/,77th St,309.00000000,R,136,3,Brooklyn,013600,3013600,I,BK31,Bay Ridge,4013,-74.025509291118,40.6297410546102
310,1,310,R-all times,http://web.mta.info/nyct/service/,Bay Ridge Ave,310.00000000,R,130,3,Brooklyn,013000,3013000,E,BK31,Bay Ridge,4013,-74.0233802838947,40.6349699603809
311,1,311,D-all times,http://web.mta.info/nyct/service/,50th St,311.00000000,D,220,3,Brooklyn,022000,3022000,E,BK88,Borough Park,4014,-73.9946611442614,40.6362583762345
312,1,312,N-all times,http://web.mta.info/nyct/service/,Ft Hamilton Pkwy,312.00000000,N,214,3,Brooklyn,021400,3021400,E,BK88,Borough Park,4014,-74.0053510961424,40.6313840795499
313,1,313,D-all times,http://web.mta.info/nyct/service/,25th Ave,313.00000000,D,300,3,Brooklyn,030000,3030000,E,BK29,Bensonhurst East,4017,-73.9868278349838,40.5977042198099
314,1,314,D-all times,http://web.mta.info/nyct/service/,Bay Pky,314.00000000,D,296,3,Brooklyn,029600,3029600,E,BK28,Bensonhurst West,4017,-73.9936729974488,40.6019534957619
315,1,315,N-all times,http://web.mta.info/nyct/service/,20th Ave,315.00000000,N,254,3,Brooklyn,025400,3025400,E,BK28,Bensonhurst West,4017,-73.9845191647036,40.6171068195603
316,1,316,N-all times,http://web.mta.info/nyct/service/,18th Ave,316.00000000,N,248,3,Brooklyn,024800,3024800,E,BK28,Bensonhurst West,4017,-73.9904570287317,40.6206866484822
317,1,317,R-all times,http://web.mta.info/nyct/service/,Bay Ridge - 95th St,317.00000000,R,54,3,Brooklyn,005400,3005400,I,BK31,Bay Ridge,4013,-74.0308722333642,40.6166226755898
318,1,318,R-all times,http://web.mta.info/nyct/service/,86th St,318.00000000,R,160,3,Brooklyn,016000,3016000,E,BK31,Bay Ridge,4013,-74.0284018663329,40.6226844505502
319,1,319,D-all times,http://web.mta.info/nyct/service/,79th St,319.00000000,D,264,3,Brooklyn,026400,3026400,E,BK28,Bensonhurst West,4017,-74.0005810419837,40.61315855722
320,1,320,D-all times,http://web.mta.info/nyct/service/,71st St,320.00000000,D,262,3,Brooklyn,026200,3026200,I,BK28,Bensonhurst West,4017,-73.9988383103325,40.6192615586184
321,1,321,D-all times,http://web.mta.info/nyct/service/,20th Ave,321.00000000,D,288,3,Brooklyn,028800,3028800,E,BK28,Bensonhurst West,4017,-73.9981735570223,40.6046748002657
322,1,322,D-all times,http://web.mta.info/nyct/service/,18th Ave,322.00000000,D,278,3,Brooklyn,027800,3027800,E,BK28,Bensonhurst West,4017,-74.0015961382548,40.6077369878807
323,1,323,D-all times,http://web.mta.info/nyct/service/,62nd St,323.00000000,D,250,3,Brooklyn,025000,3025000,E,BK28,Bensonhurst West,4017,-73.9968530335546,40.6262230727414
324,1,324,N-all times,http://web.mta.info/nyct/service/,New Utrecht Ave,324.00000000,N,250,3,Brooklyn,025000,3025000,E,BK28,Bensonhurst West,4017,-73.9963499769955,40.6248390096997
325,1,325,F-all times,http://web.mta.info/nyct/service/,Ave U,325.00000000,F,398,3,Brooklyn,039800,3039800,E,BK26,Gravesend,4018,-73.9733800551806,40.595923945268
326,1,326,F-all times,http://web.mta.info/nyct/service/,Kings Hwy,326.00000000,F,414.01,3,Brooklyn,041401,3041401,E,BK25,Homecrest,4016,-73.9723559757567,40.6032561891856
327,1,327,"B-weekdays and evenings, Q-all times",http://web.mta.info/nyct/service/,Brighton Beach,327.00000000,B-Q,362,3,Brooklyn,036200,3036200,E,BK19,Brighton Beach,4018,-73.9613516135262,40.5777092184016
328,1,328,"B-weekdays and evenings, Q-all times",http://web.mta.info/nyct/service/,Sheepshead Bay,328.00000000,B-Q,606,3,Brooklyn,060600,3060600,I,BK17,Sheepshead Bay-Gerritsen Beach-Manhattan Beach,4016,-73.9540572934192,40.5865443215775
329,1,329,Q-all times,http://web.mta.info/nyct/service/,Ave U,329.00000000,Q,580,3,Brooklyn,058000,3058000,E,BK44,Madison,4016,-73.9558090082232,40.5993071084371
330,1,330,"B-weekdays and evenings, Q-all times",http://web.mta.info/nyct/service/,Kings Hwy,330.00000000,B-Q,552,3,Brooklyn,055200,3055200,E,BK44,Madison,4016,-73.9576056387914,40.6086372034324
331,1,331,N-all times,http://web.mta.info/nyct/service/,Ave U,331.00000000,N,400,3,Brooklyn,040000,3040000,E,BK29,Bensonhurst East,4017,-73.9790843572347,40.5972335771269
332,1,332,N-all times,http://web.mta.info/nyct/service/,Kings Hwy,332.00000000,N,426,3,Brooklyn,042600,3042600,E,BK29,Bensonhurst East,4017,-73.980368948091,40.6040609818592
333,1,333,F-all times,http://web.mta.info/nyct/service/,Neptune Ave,333.00000000,F,348,3,Brooklyn,034800,3034800,E,BK21,Seagate-Coney Island,4018,-73.9745927808141,40.5807385280958
334,1,334,F-all times,http://web.mta.info/nyct/service/,Ave X,334.00000000,F,308,3,Brooklyn,030800,3030800,E,BK26,Gravesend,4018,-73.9742693873119,40.5894504402005
335,1,335,D-all times,http://web.mta.info/nyct/service/,Bay 50th St,335.00000000,D,308,3,Brooklyn,030800,3030800,E,BK26,Gravesend,4018,-73.983764579865,40.5888433037878
336,1,336,N-all times,http://web.mta.info/nyct/service/,Gravesend - 86th St,336.00000000,N,308,3,Brooklyn,030800,3030800,E,BK26,Gravesend,4018,-73.9781860419506,40.5924655753284
337,1,337,F-all times,http://web.mta.info/nyct/service/,Ave P,337.00000000,F,438,3,Brooklyn,043800,3043800,E,BK46,Ocean Parkway South,4014,-73.9730027627612,40.6088417961848
338,1,338,F-all times,http://web.mta.info/nyct/service/,Ave N,338.00000000,F,446,3,Brooklyn,044600,3044600,E,BK88,Borough Park,4014,-73.9740448084908,40.614358744548
339,1,339,F-all times,http://web.mta.info/nyct/service/,Bay Pky,339.00000000,F,450,3,Brooklyn,045000,3045000,E,BK46,Ocean Parkway South,4014,-73.9752575341244,40.6207343782386
340,1,340,Q-all times,http://web.mta.info/nyct/service/,Ave M,340.00000000,Q,768,3,Brooklyn,076800,3076800,E,BK43,Midwood,4015,-73.9592405726085,40.6174000318084
341,1,341,N-all times,http://web.mta.info/nyct/service/,Bay Pky,341.00000000,N,432,3,Brooklyn,043200,3043200,E,BK29,Bensonhurst East,4017,-73.9817793030871,40.611453708614
342,1,342,F-all times,http://web.mta.info/nyct/service/,Ave I,342.00000000,F,462.02,3,Brooklyn,046202,3046202,E,BK46,Ocean Parkway South,4014,-73.9760660178801,40.6250162804593
343,1,343,Q-all times,http://web.mta.info/nyct/service/,Ave J,343.00000000,Q,532,3,Brooklyn,053200,3053200,I,BK43,Midwood,4015,-73.9606958433688,40.6250230985561
344,1,344,Q-all times,http://web.mta.info/nyct/service/,Ave H,344.00000000,Q,532,3,Brooklyn,053200,3053200,I,BK43,Midwood,4015,-73.9615222934302,40.6292092785429
345,1,345,Q-all times,http://web.mta.info/nyct/service/,Neck Rd,345.00000000,Q,586,3,Brooklyn,058600,3058600,E,BK17,Sheepshead Bay-Gerritsen Beach-Manhattan Beach,4016,-73.9550813728431,40.5953236887591
346,1,346,F-all times,http://web.mta.info/nyct/service/,21st St - Queensbridge,346.00000000,F,33,4,Queens,003300,4003300,E,QN68,Queensbridge-Ravenswood-Long Island City,4101,-73.9419390202364,40.7537403647256
347,1,347,"A-nights, C-all other times, E-all times",http://web.mta.info/nyct/service/,50th St,347.00000000,A-C-E,131,1,Manhattan,013100,1013100,I,MN17,Midtown-Midtown South,3807,-73.9859834186168,40.7624569204066
348,1,348,"D,E-all times, B-weekdays and evenings",http://web.mta.info/nyct/service/,7th Ave,348.00000000,B-D-E,131,1,Manhattan,013100,1013100,I,MN17,Midtown-Midtown South,3807,-73.9816984547115,40.7629672219725
349,1,349,"B,M-weekdays and evenings, D,F-all times",http://web.mta.info/nyct/service/,47th-50th Sts - Rockefeller Ctr,349.00000000,B-D-F-M,96,1,Manhattan,009600,1009600,E,MN17,Midtown-Midtown South,3807,-73.981330145445,40.7586397404358
350,1,350,F-all times,http://web.mta.info/nyct/service/,57th St,350.00000000,F,112.01,1,Manhattan,011201,1011201,I,MN17,Midtown-Midtown South,3807,-73.9773685750421,40.7640830677461
351,1,351,"F-all times, Q all times",http://web.mta.info/nyct/service/,Lexington Ave - 63rd St,351.00000000,F-Q,114.02,1,Manhattan,011402,1011402,I,MN40,Upper East Side-Carnegie Hill,3805,-73.9660857350735,40.7646205721343
352,1,352,F-all times,http://web.mta.info/nyct/service/,Roosevelt Island - Main St,352.00000000,F,238.01,1,Manhattan,023801,1023801,I,MN31,Lenox Hill-Roosevelt Island,3805,-73.9532308433578,40.7591704844611
353,1,353,"A,D-all times, B-weekdays and evenings, C-all times exc nights",http://web.mta.info/nyct/service/,59th St - Columbus Circle,353.00000000,A-B-C-D,145,1,Manhattan,014500,1014500,I,MN14,Lincoln Square,3806,-73.9816445557945,40.7682469121878
354,1,354,"N-all times, Q-all times exc weekends, R-all times exc nights, W part time",http://web.mta.info/nyct/service/,49th St,354.00000000,N-Q-R-W,125,1,Manhattan,012500,1012500,I,MN17,Midtown-Midtown South,3807,-73.984213737507,40.7598032891068
355,1,355,"N,Q-all times, R-all times exc nights, W part time",http://web.mta.info/nyct/service/,57th St,355.00000000,N-Q-R-W,137,1,Manhattan,013700,1013700,I,MN17,Midtown-Midtown South,3807,-73.9807282742047,40.764566141508
356,1,356,"N-all times, R-all times exc nights, W part time",http://web.mta.info/nyct/service/,5th Ave - 59th St,356.00000000,N-R-W,143,1,Manhattan,014300,1014300,I,MN99,park-cemetery-etc-Manhattan,3806,-73.9733441225692,40.7648110789753
357,1,357,"N-all times, R-all times exc nights, W part time",http://web.mta.info/nyct/service/,Lexington Ave - 59th St,357.00000000,N-R-W,114.02,1,Manhattan,011402,1011402,I,MN40,Upper East Side-Carnegie Hill,3805,-73.9673793090826,40.7627086696688
358,1,358,"1,2,3-all times",http://web.mta.info/nyct/service/,34th St - Penn Station,358.00000000,1-2-3,101,1,Manhattan,010100,1010100,I,MN17,Midtown-Midtown South,3807,-73.991058899972,40.7503718344802
359,1,359,"1,2,3-all times",http://web.mta.info/nyct/service/,Times Sq - 42nd St,359.00000000,1-2-3,113,1,Manhattan,011300,1011300,I,MN17,Midtown-Midtown South,3807,-73.9874925882941,40.7552918727658
360,1,360,"A-all times, C-all times exc nights",http://web.mta.info/nyct/service/,Fulton St,360.00000000,A-C,15.02,1,Manhattan,001502,1001502,I,MN25,Battery Park City-Lower Manhattan,3810,-74.0076238338112,40.7101608717935
361,1,361,"A-all times, C-all times exc nights",http://web.mta.info/nyct/service/,Chambers St,361.00000000,A-C,21,1,Manhattan,002100,1002100,I,MN24,SoHo-TriBeCa-Civic Center-Little Italy,3810,-74.0085850311652,40.7141102053152
362,1,362,"A,E-all times, C-all times exc nights",http://web.mta.info/nyct/service/,42nd St - Port Authority Bus Term,362.00000000,A-C-E,119,1,Manhattan,011900,1011900,E,MN17,Midtown-Midtown South,3807,-73.9897383765044,40.7573060572593
363,1,363,G-all times,http://web.mta.info/nyct/service/,Myrtle-Willoughby Aves,363.00000000,G,253,3,Brooklyn,025300,3025300,E,BK75,Bedford,4003,-73.9490626604395,40.6946200132831
364,1,364,G-all times,http://web.mta.info/nyct/service/,Flushing Ave,364.00000000,G,507,3,Brooklyn,050700,3050700,E,BK75,Bedford,4003,-73.9502304703088,40.7003750484069
365,1,365,"F-all times, M-weekdays and evenings",http://web.mta.info/nyct/service/,23rd St,365.00000000,F-M,58,1,Manhattan,005800,1005800,I,MN13,Hudson Yards-Chelsea-Flatiron-Union Square,3807,-73.9927656990119,40.7429536611954
366,1,366,"B,M-weekdays and evenings, D,F-all times",http://web.mta.info/nyct/service/,Herald Sq - 34th St,366.00000000,B-D-F-M,76,1,Manhattan,007600,1007600,I,MN17,Midtown-Midtown South,3807,-73.9877710660322,40.7497865774817
367,1,367,"A,G-all times, C-all times exc nights",http://web.mta.info/nyct/service/,Hoyt - Schermerhorn Sts,367.00000000,A-C-G,41,3,Brooklyn,004100,3004100,I,BK38,DUMBO-Vinegar Hill-Downtown Brooklyn-Boerum Hill,4004,-73.9850401875684,40.688408103914
368,1,368,"A,F-all times, C-all times exc nights",http://web.mta.info/nyct/service/,Jay St - MetroTech,368.00000000,A-C-F,11,3,Brooklyn,001100,3001100,I,BK38,DUMBO-Vinegar Hill-Downtown Brooklyn-Boerum Hill,4004,-73.987214110556,40.6924677067432
369,1,369,F-all times,http://web.mta.info/nyct/service/,East Broadway,369.00000000,F,6,1,Manhattan,000600,1000600,E,MN28,Lower East Side,3809,-73.9901785509936,40.7138582720684
370,1,370,F-all times,http://web.mta.info/nyct/service/,Delancey St - Essex St,370.00000000,F,18,1,Manhattan,001800,1001800,E,MN27,Chinatown,3809,-73.9880764932288,40.718678883383
371,1,371,F-all times,http://web.mta.info/nyct/service/,Lower East Side - 2nd Ave,371.00000000,F,36.02,1,Manhattan,003602,1003602,I,MN22,East Village,3809,-73.9899360058669,40.7234038330977
372,1,372,"J-all times, skips weekdays AM westbound, PM eastbound, M-all times exc nights",http://web.mta.info/nyct/service/,Flushing Ave,372.00000000,J-M,285.01,3,Brooklyn,028501,3028501,I,BK78,Bushwick South,4002,-73.9413730816074,40.7004022899944
373,1,373,"J,M-all times, Z-rush hours AM westbound, PM eastbound",http://web.mta.info/nyct/service/,Myrtle Ave,373.00000000,J-M-Z,287,3,Brooklyn,028700,3028700,E,BK35,Stuyvesant Heights,4003,-73.935623863789,40.6971945164872
374,1,374,"F,G-all times",http://web.mta.info/nyct/service/,4th Av - 9th St,374.00000000,F-G,121,3,Brooklyn,012100,3012100,I,BK37,Park Slope-Gowanus,4005,-73.9897832922686,40.6702731003066
375,1,375,"F,G-all times",http://web.mta.info/nyct/service/,Smith - 9th Sts,375.00000000,F-G,119,3,Brooklyn,011900,3011900,E,BK37,Park Slope-Gowanus,4005,-73.9958918362006,40.6736388719924
376,1,376,"F,G-all times",http://web.mta.info/nyct/service/,Bergen St,376.00000000,F-G,69,3,Brooklyn,006900,3006900,I,BK38,DUMBO-Vinegar Hill-Downtown Brooklyn-Boerum Hill,4004,-73.9907534727754,40.6861125478891
377,1,377,"N-nights, R-all other times",http://web.mta.info/nyct/service/,Jay St - MetroTech,377.00000000,N-R,11,3,Brooklyn,001100,3001100,I,BK38,DUMBO-Vinegar Hill-Downtown Brooklyn-Boerum Hill,4004,-73.9860552838395,40.6922565590023
378,1,378,"N-nights, R-all other times",http://web.mta.info/nyct/service/,Court St,378.00000000,N-R,9,3,Brooklyn,000900,3000900,I,BK09,Brooklyn Heights-Cobble Hill,4004,-73.9918224679635,40.6941977307735
379,1,379,"N,Q-all times, R-all times exc nights",http://web.mta.info/nyct/service/,Union Sq - 14th St,379.00000000,N-Q-R-W,52,1,Manhattan,005200,1005200,I,MN13,Hudson Yards-Chelsea-Flatiron-Union Square,3807,-73.9905378771073,40.7358749996963
380,1,380,"N-all times, Q-nights, R-all times exc nights",http://web.mta.info/nyct/service/,23rd St,380.00000000,N-Q-R-W,56,1,Manhattan,005600,1005600,I,MN13,Hudson Yards-Chelsea-Flatiron-Union Square,3807,-73.9893431177794,40.7412997721509
381,1,381,"D,N-nights, R-all other times",http://web.mta.info/nyct/service/,Prospect Ave,381.00000000,D-N-R,143,3,Brooklyn,014300,3014300,E,BK37,Park Slope-Gowanus,4005,-73.992873496846,40.6654149156969
382,1,382,"D,N-nights, R-all other times",http://web.mta.info/nyct/service/,4th Av - 9th St,382.00000000,D-N-R,137,3,Brooklyn,013700,3013700,I,BK37,Park Slope-Gowanus,4005,-73.9883010720498,40.6708454297477
383,1,383,L-all times,http://web.mta.info/nyct/service/,3rd Ave,383.00000000,L,40,1,Manhattan,004000,1004000,I,MN22,East Village,3809,-73.9857498566429,40.7326893562702
384,1,384,L-all times,http://web.mta.info/nyct/service/,Union Sq - 14th St,384.00000000,L,61,1,Manhattan,006100,1006100,I,MN23,West Village,3810,-73.9906726243999,40.7347654873528
385,1,385,"A-nights, C-all other times",http://web.mta.info/nyct/service/,Liberty Ave,385.00000000,A-C,1198,3,Brooklyn,119800,3119800,E,BK82,East New York,4008,-73.8965471489298,40.6745450122642
386,1,386,"A-all times, C-all times exc nights",http://web.mta.info/nyct/service/,Broadway Junction,386.00000000,A-C,367,3,Brooklyn,036700,3036700,E,BK79,Ocean Hill,4007,-73.9053147061028,40.6783329540325
387,1,387,"N,R-all times",http://web.mta.info/nyct/service/,59th St,387.00000000,N-R,74,3,Brooklyn,007400,3007400,E,BK32,Sunset Park West,4012,-74.0178825943559,40.6413640760287
388,1,388,"N-nights, R-all times, skips nights northbound",http://web.mta.info/nyct/service/,45th St,388.00000000,N-R,80,3,Brooklyn,008000,3008000,E,BK32,Sunset Park West,4012,-74.0100043693141,40.6489366978984
389,1,389,"D,N,R-all times",http://web.mta.info/nyct/service/,36th St,389.00000000,D-N-R,84,3,Brooklyn,008400,3008400,E,BK32,Sunset Park West,4012,-74.0035454824213,40.6551454703825
390,1,390,D-all times,http://web.mta.info/nyct/service/,9th Ave,390.00000000,D,110,3,Brooklyn,011000,3011000,E,BK34,Sunset Park East,4012,-73.9944455485932,40.6464830171333
391,1,391,"N-nights, R-all times, skips nights northbound",http://web.mta.info/nyct/service/,53rd St,391.00000000,N-R,76,3,Brooklyn,007600,3007600,E,BK32,Sunset Park West,4012,-74.0140378049398,40.6450652937934
392,1,392,D-all times,http://web.mta.info/nyct/service/,Ft Hamilton Pkwy,392.00000000,D,112,3,Brooklyn,011200,3011200,E,BK34,Sunset Park East,4012,-73.9942030034665,40.640914190267
393,1,393,"D,N-nights, R-all other times",http://web.mta.info/nyct/service/,25th St,393.00000000,D-N-R,101,3,Brooklyn,010100,3010100,E,BK32,Sunset Park West,4012,-73.9980927086467,40.6603996442351
394,1,394,"F,G-all times",http://web.mta.info/nyct/service/,Carroll St,394.00000000,F-G,77,3,Brooklyn,007700,3007700,I,BK33,Carroll Gardens-Columbia Street-Red Hook,4005,-73.9949486051523,40.6802745313949
395,1,395,"A-nights, C-all other times, E-all times",http://web.mta.info/nyct/service/,Spring St,395.00000000,A-C-E,49,1,Manhattan,004900,1004900,I,MN24,SoHo-TriBeCa-Civic Center-Little Italy,3810,-74.0037431117838,40.7262291110784
396,1,396,A-all times,http://web.mta.info/nyct/service/,181st St,396.00000000,A,273,1,Manhattan,027300,1027300,I,MN35,Washington Heights North,3801,-73.9379684666806,40.8516932395067
397,1,397,A-all times,http://web.mta.info/nyct/service/,190th St,397.00000000,A,281,1,Manhattan,028100,1028100,I,MN35,Washington Heights North,3801,-73.9341775761816,40.8590245349508
398,1,398,"A-nights, B-weekdays and evenings, C-all times exc nights",http://web.mta.info/nyct/service/,116th St,398.00000000,A-B-C,218,1,Manhattan,021800,1021800,E,MN11,Central Harlem South,3803,-73.9547939119521,40.8050570051055
399,1,399,"A,D-all times, B-weekdays and evenings, C-all times exc nights",http://web.mta.info/nyct/service/,125th St,399.00000000,A-B-C-D,257,1,Manhattan,025700,1025700,E,MN11,Central Harlem South,3803,-73.9522516796981,40.8110744527775
400,1,400,"N-all times, Q-nights, R-all times exc nights",http://web.mta.info/nyct/service/,Prince St,400.00000000,N-Q-R-W,43,1,Manhattan,004300,1004300,I,MN24,SoHo-TriBeCa-Civic Center-Little Italy,3810,-73.9977064330745,40.7243297205394
401,1,401,"N-all times, Q-nights, R-all times exc nights",http://web.mta.info/nyct/service/,8th St - NYU,401.00000000,N-Q-R-W,57,1,Manhattan,005700,1005700,I,MN23,West Village,3810,-73.9925051875795,40.730463399508
402,1,402,"2-all times, 3-all times exc nights",http://web.mta.info/nyct/service/,Fulton St,402.00000000,2-3,15.02,1,Manhattan,001502,1001502,I,MN25,Battery Park City-Lower Manhattan,3810,-74.0065728049288,40.7094186433114
403,1,403,"2-all times, 3-all times exc nights",http://web.mta.info/nyct/service/,Park Pl,403.00000000,2-3,21,1,Manhattan,002100,1002100,I,MN24,SoHo-TriBeCa-Civic Center-Little Italy,3810,-74.0088096099862,40.7130479938112
404,1,404,"1,2-all times, 3-all times exc nights",http://web.mta.info/nyct/service/,Chambers St,404.00000000,1-2-3,21,1,Manhattan,002100,1002100,I,MN24,SoHo-TriBeCa-Civic Center-Little Italy,3810,-74.0092677507811,40.7154787989998
405,1,405,"2-all times, 3-all times exc nights",http://web.mta.info/nyct/service/,Hoyt St,405.00000000,2-3,37,3,Brooklyn,003700,3003700,I,BK38,DUMBO-Vinegar Hill-Downtown Brooklyn-Boerum Hill,4004,-73.985067137027,40.6905469187811
406,1,406,"2-all times, 3-all times exc nights",http://web.mta.info/nyct/service/,Borough Hall,406.00000000,2-3,11,3,Brooklyn,001100,3001100,I,BK38,DUMBO-Vinegar Hill-Downtown Brooklyn-Boerum Hill,4004,-73.9899988879368,40.6932169352629
407,1,407,4-all times,http://web.mta.info/nyct/service/,183rd St,407.00000000,4,239,2,Bronx,023900,2023900,E,BX40,Fordham South,3707,-73.9038774016482,40.8584062642521
408,1,408,4-all times,http://web.mta.info/nyct/service/,Fordham Rd,408.00000000,4,401,2,Bronx,040100,2040100,E,BX05,Bedford Park-Fordham North,3706,-73.9010297421976,40.8628019756341
409,1,409,E-all times,http://web.mta.info/nyct/service/,World Trade Center,409.00000000,E,21,1,Manhattan,002100,1002100,I,MN24,SoHo-TriBeCa-Civic Center-Little Italy,3810,-74.0097438578817,40.7125645457844
410,1,410,"A,E-all times, C-all times exc nights",http://web.mta.info/nyct/service/,Canal St - Holland Tunnel,410.00000000,A-C-E,33,1,Manhattan,003300,1003300,I,MN24,SoHo-TriBeCa-Civic Center-Little Italy,3810,-74.0052253320026,40.7208235346921
411,1,411,"A-nights, C-all other times",http://web.mta.info/nyct/service/,155th St,411.00000000,A-C,235.01,1,Manhattan,023501,1023501,E,MN04,Hamilton Heights,3802,-73.9415168120529,40.830516936697
412,1,412,"A-nights, C-all other times",http://web.mta.info/nyct/service/,163rd St - Amsterdam Av,412.00000000,A-C,243.01,1,Manhattan,024301,1024301,E,MN36,Washington Heights South,3801,-73.9398908613886,40.8360155423215
413,1,413,"J-all times, Z-rush hours AM westbound, PM eastbound",http://web.mta.info/nyct/service/,Fulton St,413.00000000,J-Z,15.02,1,Manhattan,001502,1001502,I,MN25,Battery Park City-Lower Manhattan,3810,-74.0079382441607,40.7100246837009
414,1,414,"J-all times, Z-rush hours AM westbound, PM eastbound",http://web.mta.info/nyct/service/,Chambers St,414.00000000,J-Z,29,1,Manhattan,002900,1002900,E,MN27,Chinatown,3809,-74.0034107351287,40.7132318393226
415,1,415,"J-all times, Z-rush hours AM westbound, PM eastbound",http://web.mta.info/nyct/service/,Canal St,415.00000000,J-Z,41,1,Manhattan,004100,1004100,E,MN24,SoHo-TriBeCa-Civic Center-Little Italy,3810,-73.999826457145,40.718175050513
416,1,416,"N-nights, R-all other times",http://web.mta.info/nyct/service/,City Hall,416.00000000,R-W,31,1,Manhattan,003100,1003100,I,MN24,SoHo-TriBeCa-Civic Center-Little Italy,3810,-74.0069860299595,40.7132726938118
417,1,417,"N-nights, R-all other times",http://web.mta.info/nyct/service/,Canal St,417.00000000,R-W,45,1,Manhattan,004500,1004500,I,MN24,SoHo-TriBeCa-Civic Center-Little Italy,3810,-74.0018297002286,40.7194618593295
418,1,418,1-all times,http://web.mta.info/nyct/service/,South Ferry,418.00000000,1,9,1,Manhattan,000900,1000900,I,MN25,Battery Park City-Lower Manhattan,3810,-74.0131664391142,40.7017303038758
419,1,419,"4-all times, 5-all times exc nights",http://web.mta.info/nyct/service/,Bowling Green,419.00000000,4-5,13,1,Manhattan,001300,1001300,I,MN25,Battery Park City-Lower Manhattan,3810,-74.0140108554813,40.7049106192307
420,1,420,"4-all times, 5-weekdays",http://web.mta.info/nyct/service/,Wall St,420.00000000,4-5,7,1,Manhattan,000700,1000700,I,MN25,Battery Park City-Lower Manhattan,3810,-74.0118638819522,40.7075596310796
421,1,421,"N-nights, R-all other times",http://web.mta.info/nyct/service/,Whitehall St,421.00000000,R-W,9,1,Manhattan,000900,1000900,I,MN25,Battery Park City-Lower Manhattan,3810,-74.0130047423631,40.7031400127172
422,1,422,"N-nights, R-all other times",http://web.mta.info/nyct/service/,Rector St,422.00000000,R-W,13,1,Manhattan,001300,1001300,I,MN25,Battery Park City-Lower Manhattan,3810,-74.0129777929046,40.7077434917447
423,1,423,M-all times,http://web.mta.info/nyct/service/,Fresh Pond Rd,423.00000000,M,613.01,4,Queens,061301,4061301,I,QN20,Ridgewood,4110,-73.8959003619253,40.7062249236267
424,1,424,M-all times,http://web.mta.info/nyct/service/,Middle Village - Metropolitan Ave,424.00000000,M,613.01,4,Queens,061301,4061301,I,QN20,Ridgewood,4110,-73.8895762223251,40.7114342169818
425,1,425,1-all times,http://web.mta.info/nyct/service/,Rector St,425.00000000,1,13,1,Manhattan,001300,1001300,I,MN25,Battery Park City-Lower Manhattan,3810,-74.0137862766603,40.7075119634169
426,1,426,Temporarily closed,http://web.mta.info/nyct/service/,Cortlandt St,426.00000000,1,13,1,Manhattan,001300,1001300,I,MN25,Battery Park City-Lower Manhattan,3810,-74.0121872754545,40.7118359625494
427,1,427,"4-all times, 5-weekdays",http://web.mta.info/nyct/service/,Fulton St,427.00000000,4-5,15.02,1,Manhattan,001502,1001502,I,MN25,Battery Park City-Lower Manhattan,3810,-74.0095102959078,40.7103651534101
428,1,428,"J-all times, Z-rush hours AM westbound, PM eastbound",http://web.mta.info/nyct/service/,Broad St,428.00000000,J-Z,7,1,Manhattan,000700,1000700,I,MN25,Battery Park City-Lower Manhattan,3810,-74.0110553981965,40.7064768857554
429,1,429,"N-nights, R-all other times",http://web.mta.info/nyct/service/,Cortlandt St,429.00000000,R-W,13,1,Manhattan,001300,1001300,I,MN25,Battery Park City-Lower Manhattan,3810,-74.0111362465721,40.7105149595306
430,1,430,"2-all times, 3-all times exc nights",http://web.mta.info/nyct/service/,Wall St,430.00000000,2-3,7,1,Manhattan,000700,1000700,I,MN25,Battery Park City-Lower Manhattan,3810,-74.0090970708772,40.7068241833431
431,1,431,A-all times,http://web.mta.info/nyct/service/,Dyckman St,431.00000000,A,287,1,Manhattan,028700,1028700,E,MN35,Washington Heights North,3801,-73.9272695316467,40.8654922516678
432,1,432,"B-weekdays and evenings, D-all times",http://web.mta.info/nyct/service/,Grand St,432.00000000,B-D,18,1,Manhattan,001800,1001800,E,MN27,Chinatown,3809,-73.9937538458244,40.7182703705377
433,1,433,"B,M-weekdays and evenings, D,F-all times",http://web.mta.info/nyct/service/,Broadway - Lafayette St,433.00000000,B-D-F-M,43,1,Manhattan,004300,1004300,I,MN24,SoHo-TriBeCa-Civic Center-Little Italy,3810,-73.99620624655,40.7252964422111
434,1,434,"J-all times, Z-rush hours AM westbound, PM eastbound",http://web.mta.info/nyct/service/,Bowery,434.00000000,J-Z,18,1,Manhattan,001800,1001800,E,MN27,Chinatown,3809,-73.9938077447414,40.7202448260665
435,1,435,"N-all times, Q-weekdays and evenings",http://web.mta.info/nyct/service/,Canal St,435.00000000,N-Q,45,1,Manhattan,004500,1004500,I,MN24,SoHo-TriBeCa-Civic Center-Little Italy,3810,-74.0010571490843,40.7188150537744
436,1,436,"A-nights, C-all other times, E-all times",http://web.mta.info/nyct/service/,23rd St,436.00000000,A-C-E,91,1,Manhattan,009100,1009100,I,MN13,Hudson Yards-Chelsea-Flatiron-Union Square,3807,-73.9980388097297,40.7459074183255
437,1,437,"A,E-all times, C-all times exc nights",http://web.mta.info/nyct/service/,34th St - Penn Station,437.00000000,A-C-E,109,1,Manhattan,010900,1010900,I,MN17,Midtown-Midtown South,3807,-73.9933945197107,40.752284091783
438,1,438,"E,F-all times, M-weekdays and evenings, R-all times exc nights",http://web.mta.info/nyct/service/,Jackson Hts - Roosevelt Av,438.00000000,E-F-M-R,267,4,Queens,026700,4026700,E,QN29,Elmhurst,4107,-73.8913009876706,40.7465403492149
439,1,439,"1,2-all times, 3-all times exc nights",http://web.mta.info/nyct/service/,14th St,439.00000000,1-2-3,71,1,Manhattan,007100,1007100,I,MN23,West Village,3810,-74.0002037495644,40.7378285132679
440,1,440,"A-nights, B-weekdays and evenings, C-all times exc nights",http://web.mta.info/nyct/service/,135th St,440.00000000,A-B-C,221.02,1,Manhattan,022102,1022102,E,MN03,Central Harlem North-Polo Grounds,3803,-73.9475355244564,40.8179071638836
441,1,441,"F-all times, M-weekdays and evenings",http://web.mta.info/nyct/service/,14th St,441.00000000,F-M,54,1,Manhattan,005400,1005400,I,MN13,Hudson Yards-Chelsea-Flatiron-Union Square,3807,-73.99620624655,40.7382300995417
442,1,442,L-all times,http://web.mta.info/nyct/service/,6th Ave,442.00000000,L,71,1,Manhattan,007100,1007100,I,MN23,West Village,3810,-73.9977513488387,40.7377400278308
443,1,443,L-all times,http://web.mta.info/nyct/service/,8th Ave,443.00000000,L,77,1,Manhattan,007700,1007700,I,MN23,West Village,3810,-74.0025753019144,40.7397751631068
444,1,444,"A,E-all times, C-all times exc nights",http://web.mta.info/nyct/service/,14th St,444.00000000,A-C-E,81,1,Manhattan,008100,1008100,I,MN13,Hudson Yards-Chelsea-Flatiron-Union Square,3807,-74.0016859697832,40.7408913981549
445,1,445,"4-nights, 3-all other times",http://web.mta.info/nyct/service/,Nostrand Ave,445.00000000,3-4,317.02,3,Brooklyn,031702,3031702,E,BK61,Crown Heights North,4006,-73.9504280996713,40.6699392391975
446,1,446,"2-all times, 3-all times exc nights",http://web.mta.info/nyct/service/,Clark St,446.00000000,2-3,5.01,3,Brooklyn,000501,3000501,I,BK09,Brooklyn Heights-Cobble Hill,4004,-73.9930890925141,40.6974669448677
447,1,447,"A-nights, C-all other times",http://web.mta.info/nyct/service/,Franklin Ave,447.00000000,A-C,227,3,Brooklyn,022700,3022700,E,BK69,Clinton Hill,4004,-73.9568510539528,40.6813781396349
448,1,448,"A-nights, C-all other times",http://web.mta.info/nyct/service/,Clinton - Washington Aves,448.00000000,A-C,199,3,Brooklyn,019900,3019900,I,BK69,Clinton Hill,4004,-73.965834206794,40.6832651311455
449,1,449,M-all times,http://web.mta.info/nyct/service/,Forest Ave,449.00000000,M,589,4,Queens,058900,4058900,E,QN20,Ridgewood,4110,-73.9030779010454,40.7044134921546
450,1,450,"4 nights, 6-all times, 6 Express-weekdays AM southbound, PM northbound",http://web.mta.info/nyct/service/,110th St,450.00000000,4-6-6 Express,172,1,Manhattan,017200,1017200,E,MN33,East Harlem South,3804,-73.9442476905166,40.7950199123803
451,1,451,"4,6-all times, 5-all times exc nights, 6 Express-weekdays AM southbound, PM northbound",http://web.mta.info/nyct/service/,86th St,451.00000000,4-5-6-6 Express,148.01,1,Manhattan,014801,1014801,I,MN40,Upper East Side-Carnegie Hill,3805,-73.955593412555,40.7794920704163
452,1,452,F-all times,http://web.mta.info/nyct/service/,York St,452.00000000,F,13,3,Brooklyn,001300,3001300,I,BK38,DUMBO-Vinegar Hill-Downtown Brooklyn-Boerum Hill,4004,-73.9868817339009,40.6997416783565
453,1,453,"A-all times, C-all times exc nights",http://web.mta.info/nyct/service/,High St,453.00000000,A-C,13,3,Brooklyn,001300,3001300,I,BK38,DUMBO-Vinegar Hill-Downtown Brooklyn-Boerum Hill,4004,-73.9905288939544,40.699339859826
454,1,454,"A-nights, C-all other times",http://web.mta.info/nyct/service/,Lafayette Ave,454.00000000,A-C,181,3,Brooklyn,018100,3018100,I,BK68,Fort Greene,4004,-73.9739459938096,40.6861125478891
455,1,455,"2-all times, 5 weekdays",http://web.mta.info/nyct/service/,President St,455.00000000,2-5,319,3,Brooklyn,031900,3031900,E,BK63,Crown Heights South,4011,-73.9505897964225,40.667881527708
456,1,456,4-all times,http://web.mta.info/nyct/service/,Woodlawn,456.00000000,4,431,2,Bronx,043100,2043100,E,BX43,Norwood,3706,-73.8787515231514,40.8860393653516
457,1,457,"4 nights, 6-all times, 6 Express-weekdays PM",http://web.mta.info/nyct/service/,Bleecker St,457.00000000,4-6-6 Express,55.02,1,Manhattan,005502,1005502,I,MN23,West Village,3810,-73.9946611442614,40.7259159536462
458,1,458,"4 nights, 6-all times, 6 Express-weekdays AM southbound, PM northbound",http://web.mta.info/nyct/service/,103rd St,458.00000000,4-6-6 Express,166,1,Manhattan,016600,1016600,E,MN33,East Harlem South,3804,-73.9474816255394,40.7905993021207
459,1,459,"S to Ozone Park-Lefferts Blvd-nights, C-all other times, A-all times",http://web.mta.info/nyct/service/,Euclid Ave,459.00000000,A-C-S,1196,3,Brooklyn,119600,3119600,E,BK82,East New York,4008,-73.8721039900489,40.6753761977742
460,1,460,"A-all times, S Euclid Av to Ozone Park-Lefferts Blvd-nights",http://web.mta.info/nyct/service/,88th St,460.00000000,A-S,54,4,Queens,005400,4005400,I,QN56,Ozone Park,4113,-73.8514696879727,40.6798453454782
461,1,461,Q-all times,http://web.mta.info/nyct/service/,Cortelyou Rd,461.00000000,Q,520,3,Brooklyn,052000,3052000,E,BK42,Flatbush,4015,-73.9637860479462,40.640941456157
462,1,462,"4 nights, 6-all times, 6 Express-weekdays AM southbound, PM northbound",http://web.mta.info/nyct/service/,116th St,462.00000000,4-6-6 Express,182,1,Manhattan,018200,1018200,E,MN34,East Harlem North,3804,-73.9416156267341,40.7986309924798
463,1,463,"6-all times, 6 Express-weekdays AM southbound, PM northbound",http://web.mta.info/nyct/service/,Parkchester,463.00000000,6-6 Express,72,2,Bronx,007200,2007200,E,BX55,Soundview-Bruckner,3709,-73.8608121669275,40.8332289141402
464,1,464,"1-all times, 2-nights",http://web.mta.info/nyct/service/,Franklin St,464.00000000,1-2,33,1,Manhattan,003300,1003300,I,MN24,SoHo-TriBeCa-Civic Center-Little Italy,3810,-74.0068872152782,40.7193188818005
465,1,465,"A-all times, S Euclid Av to Ozone Park-Lefferts Blvd-nights",http://web.mta.info/nyct/service/,80th St,465.00000000,A-S,44.01,4,Queens,004401,4004401,E,QN56,Ozone Park,4113,-73.8589885869008,40.6793684689965
466,1,466,"7-all times, 7 Express-rush hours AM westbound, PM eastbound",http://web.mta.info/nyct/service/,5th Ave - Bryant Pk,466.00000000,7-7 Express,84,1,Manhattan,008400,1008400,I,MN17,Midtown-Midtown South,3807,-73.9819589661439,40.7538220239462
467,1,467,"4 nights, 6-all times, 6 Express-weekdays AM southbound, PM northbound",http://web.mta.info/nyct/service/,Spring St,467.00000000,4-6-6 Express,45,1,Manhattan,004500,1004500,I,MN24,SoHo-TriBeCa-Civic Center-Little Italy,3810,-73.9971404944455,40.7223009209535
468,1,468,"4,6-all times, 5-all times exc nights, 6 Express-weekdays AM southbound, PM northbound",http://web.mta.info/nyct/service/,125th St,468.00000000,4-5-6-6 Express,196,1,Manhattan,019600,1019600,E,MN34,East Harlem North,3804,-73.9375911742613,40.8041390413922
469,1,469,"D,F,N,Q-all times",http://web.mta.info/nyct/service/,Coney Island - Stillwell Av,469.00000000,D-F-N-Q,350,3,Brooklyn,035000,3035000,E,BK23,West Brighton,4018,-73.9812403139166,40.5772793728049
470,1,470,"7-all times, 7 Express-rush hours AM westbound, PM eastbound",http://web.mta.info/nyct/service/,34th St - Hudson Yards,470.00000000,7-7 Express,99,1,Manhattan,009900,1009900,I,MN13,Hudson Yards-Chelsea-Flatiron-Union Square,3807,-74.0021980094951,40.7554483825314
471,1,471,Q-all times,http://web.mta.info/nyct/service/,72nd St,641.00000000,Q,126,1,Manhattan,012600,1012600,I,MN31,Lenox Hill-Roosevelt Island,3805,-73.9583602236301,40.7688047930943
472,1,472,Q-all times,http://web.mta.info/nyct/service/,86th St,642.00000000,Q,146.01,1,Manhattan,014601,1014601,I,MN32,Yorkville,3805,-73.9517665894447,40.7778594976769
473,1,473,Q-all times,http://web.mta.info/nyct/service/,96th St,643.00000000,Q,156.01,1,Manhattan,015601,1015601,I,MN32,Yorkville,3805,-73.9470684005087,40.7842399080962
